md5,sha1,sha256,vhash,creation_date,first_submission,last_analysis,file_names,file_type,file_size,imphash,statement,microsoft_defender,tags,url
07bf024a43c324dd2a4b8a8cf6e63480,85cae19befd5636655d8ef883b8d09a82592d3a3,732e75b835d2e5c288857dfd341f221255c038309b064d05c2f44fd19ed126f4,1830761f551515151d1bz7jz1iz1,2018-10-25T12:03:08,2020-02-12T12:58:21,2020-02-29T12:56:46,[C:\Users\jack\Desktop\dll_07BF024A43C324DD2A4B8A8CF6E63480.fil],,9.00KB (8704 bytes),b36a305df0501982b115879ae3c3bd4b,47 / 70,Trojan:Win32/Occamy.C,[64bits assembly pedll],https://www.virustotal.com/gui/file/732e75b835d2e5c288857dfd341f221255c038309b064d05c2f44fd19ed126f4
ef49780995d9bab25bcb4b70bd206df4,bf1ab51244d807767d29e4c41cc82e902b57b7d0,58a1845bb1398e9fe7fbf9962816259f4629f042ccc84bc781b1887ee6ae2a71,1830661f55151d151bz4jz11z1ez2,2016-02-09T09:11:49,2019-12-19T06:40:03,2020-03-08T13:04:26,[ef49780995d9bab25bcb4b70bd206df4.virus],,8.00KB (8192 bytes),682156c4380c216ff8cb766a2f2e8817,55 / 72,Backdoor:Win32/Turla.AC,[pedll],https://www.virustotal.com/gui/file/58a1845bb1398e9fe7fbf9962816259f4629f042ccc84bc781b1887ee6ae2a71
986f263ca2c529d5d28bce3c62f858ea,27187139e9cf7916c861362f67ba9b95a545c9e5,211ebdbf5821f69f40bc8d37c1bd7c52e6cae42126d48ffbcb09c046054ae2d1,115056655d15155078z76dz37z95z46z3,2008-05-22T12:24:55,2008-09-08T13:04:34,2020-03-08T11:36:22,[MSJAVAVM MsJavaVM.dll 986f263ca2c529d5d28bce3c62f858ea 986f263ca2c529d5d28bce3c62f858ea27187139e9cf7916c861362f67ba9b95a545c9e5184320.dll /home/dsns/analyzers/virustotal_scripts/binaries/986f263ca2c529d5d28bce3c62f858ea27187139e9cf7916c861362f67ba9b95a545c9e5184320.dll /var/newbot/vh/Worm.Win32.AutoRun.luz Worm.Win32.AutoRun.luz.bin 986f263ca2c529d5d28bce3c62f858ea.dll 27187139e9cf7916c861362f67ba9b95a545c9e5 Worm.Win32.AutoRun.luz 986F263CA2C529D5D28BCE3C62F858EA c:/aa/aa C:\LHSZVFKyB\BPH5t9\78rBQkR\dMdOkYhiR6.msc C:\HZN9\3dRPhMNTNY\5qSARe\ktzjEW\It7PWBCAw.wsf c:\foo.bar],,180.00KB (184320 bytes),fab5d0143807e94583bc074dc6d270cc,57 / 71,Worm:Win32/Autorun.FC,[armadillo pedll],https://www.virustotal.com/gui/file/211ebdbf5821f69f40bc8d37c1bd7c52e6cae42126d48ffbcb09c046054ae2d1
52beacccecd9342421aa682ad538e677,6a3bb14d217c521c7ea3c06f0ed3d2a84bec388f,1e0084dad4ce9933a8b8d87050d54b60722308167999a49a9a40966df4326f9e,2140365515190b51235020,2015-01-29T12:44:12,2019-08-19T21:34:59,2020-03-08T11:46:46,[Microsoft.Exchange.MessagingPolicies.Search.exe Microsoft.Exchange.MessagingPolicies.Search.dll],,14.00KB (14336 bytes),f34d5f2d4577ed6d9ceec516c1f5a744,47 / 72,Backdoor:Win32/Turla.TA!dha,[peexe assembly],https://www.virustotal.com/gui/file/1e0084dad4ce9933a8b8d87050d54b60722308167999a49a9a40966df4326f9e
597425ea47067eaee6f2ace7376614bb,bcd2ca1a1f94058c3032cfb6c0bef4811d053e26,b6398dd27d6f9813388eef9cd2f9267ac039b88ff32ccfc3e9f5d290a2ab164c,115056655d15155078z76dz37z95z46z3,2008-06-09T19:23:56,2019-09-10T11:55:16,2020-03-08T11:57:20,[MSJAVAVM MsJavaVM.dll dinpit.dll],,176.00KB (180224 bytes),9d0d6daa47d6e6f2d80eb05405944f87,55 / 70,Worm:Win32/Autorun.JE,[armadillo pedll],https://www.virustotal.com/gui/file/b6398dd27d6f9813388eef9cd2f9267ac039b88ff32ccfc3e9f5d290a2ab164c
d532e06adb3000bcda9d94079ce0ca1b,1b82dd3ec118e65a22f6b38cb68a2608811d5521,f81964244c172183f79b848fdb2569e34b3bf188b31cca68179353c23b34e54d,115056651d15151068z72dz37z95z46z3,2008-03-27T15:58:15,2019-05-07T07:50:29,2020-03-08T12:30:05,[MSJAVAVM MsJavaVM.dll aamparse.dll],,116.00KB (118784 bytes),e52a04085b1b491acd60b0148fc96e1f,58 / 71,Worm:Win32/Autorun.FC,[pedll],https://www.virustotal.com/gui/file/f81964244c172183f79b848fdb2569e34b3bf188b31cca68179353c23b34e54d
c6798d524de5dae9a34aa665175b2677,7bfd5af0a3d9b49dedc27892d7120f7d7f9582d3,067088d0a67ac88939f7a232980fc3f48405709c14652ce11bdb183f75272985,115056651d15151068z72dz37z95z46z3,2008-03-27T15:58:15,2019-04-26T14:07:56,2020-03-08T12:32:37,[MSJAVAVM MsJavaVM.dll honfmsp.dll],,116.00KB (118784 bytes),e52a04085b1b491acd60b0148fc96e1f,57 / 71,Worm:Win32/Autorun.FC,[pedll],https://www.virustotal.com/gui/file/067088d0a67ac88939f7a232980fc3f48405709c14652ce11bdb183f75272985
0a3ea5ecd7e29cd66da02a17ff6e86a4,fcbe85c80dd53de1ff704d6366a3eb4b2543d7d4,51c3a6714cb40de2f806933751ecae31a595f800f538575b1bfedcaddc05a7b4,125066655d1515551078z6d3z97z37z87z14z3,2008-05-22T12:24:55,2019-03-12T15:01:43,2020-03-08T11:42:21,[MSJAVAVM MsJavaVM.dll 211ebdbf5821f69f40bc8d37c1bd7c52e6cae42126d48ffbcb09c046054ae2d1_dump7_0x002d0000_reconstructed],,196.00KB (200704 bytes),22b7840a758286f6a0d05735f274d78b,54 / 71,Worm:Win32/Autorun.FC,[armadillo pedll],https://www.virustotal.com/gui/file/51c3a6714cb40de2f806933751ecae31a595f800f538575b1bfedcaddc05a7b4
bdfb9ad55e908799d6b78c41cb340710,62c87fb645e05338d7ad5c361058c0c366431e46,5a0944985c1d7487fabe4c0f152d07192970a6d263637b1c78f3edd2ff6f477e,115046655d155078z6cdz37z95z46z2,2007-06-19T14:41:21,2019-03-12T14:56:49,2020-03-08T12:16:07,[df5cc17e0efb2e4c2a85494a1f60672f3191820ef2caea81bcb031970c3f412e_dump7_0x002d0000_reconstructed c:\windows\system32\drivers\c:\windows\system32\drivers\CRY9TN.exe],,104.00KB (106496 bytes),c5105ce0ae067ef50557f8842c819355,56 / 71,Trojan:Win32/Remdruk.A,[pedll overlay],https://www.virustotal.com/gui/file/5a0944985c1d7487fabe4c0f152d07192970a6d263637b1c78f3edd2ff6f477e
de457bdf41b07faaa728e9122adfd064,094f0fc3dfe698ac2f9d0b7c7baaf578823b1c47,4c240174ff58fc27f4627cece649dba5f196c35048661218c921434802d02cab,0150577d155d5d1bzbnz9fz,2013-10-15T12:43:09,2019-03-12T14:42:11,2020-03-08T13:05:20,[btwcb.exe 0b97c87126578113050d8e014e8fefeb33146eebc40e75c070882ec31ae26aab_dump7_0x00400000_reconstructed],,124.00KB (126976 bytes),445f7c4297dc78a1d5957124e004b915,59 / 72,Backdoor:Win32/WipBot.B,[peexe nxdomain overlay],https://www.virustotal.com/gui/file/4c240174ff58fc27f4627cece649dba5f196c35048661218c921434802d02cab
eaaf9f763ae8c70d6e63d4b1e3364f74,19eebe5ebbbbc2bb585e22fc74e5e48ae973b74d,3fa2965a998e7674cf2b660e29370ac3a6a41d6269e39a4c93947fa6877ef857,0150577d155d1d1bzbnz9fz,2013-10-15T12:43:09,2019-03-10T18:27:07,2020-03-08T13:10:04,[btwcb.exe dttcodexgigas.19eebe5ebbbbc2bb585e22fc74e5e48ae973b74d],,172.00KB (176246 bytes),445f7c4297dc78a1d5957124e004b915,59 / 72,Backdoor:Win32/WipBot.B,[peexe nxdomain overlay],https://www.virustotal.com/gui/file/3fa2965a998e7674cf2b660e29370ac3a6a41d6269e39a4c93947fa6877ef857
1619fee6d8b9f99abcdae1cd78b16e60,552b6eaada690c4050b1b493091543ca0bd5185e,9e88162c6a5cc34ea1fb41ef31e98fdcffceb4ae0361fa061e4c9eb5c7168dd4,1830761f150515151d1bz4jz11z1ez2,2018-08-08T10:10:08,2019-12-11T15:03:28,2020-03-02T15:59:19,[018833609],,9.00KB (8704 bytes),682156c4380c216ff8cb766a2f2e8817,44 / 71,Backdoor:Win32/Turla.AC,[64bits assembly pedll],https://www.virustotal.com/gui/file/9e88162c6a5cc34ea1fb41ef31e98fdcffceb4ae0361fa061e4c9eb5c7168dd4
78f8144c138332937e78833146bb34b9,dcea4be6c60389c822de8a2fede49299491b579e,8a29501e32f508f17a55ff70830de35c11ac418fffc123cb15393e7c914167cb,1830761f550515151d1bz4jz11z1ez2,2018-08-08T10:10:08,2019-12-11T15:00:45,2020-02-29T18:11:38,[018833609],,9.00KB (8704 bytes),682156c4380c216ff8cb766a2f2e8817,42 / 71,Backdoor:Win32/Turla.AC,[64bits assembly pedll],https://www.virustotal.com/gui/file/8a29501e32f508f17a55ff70830de35c11ac418fffc123cb15393e7c914167cb
c713cf68acd195e0c6e05fd6d9c3cdcd,57e009a89a9b7707f2076f3d10d5f88020c820b9,bfefb3f9dea9ece5a46a3a508f9fa29e2dc01176be5369e044e07a1b929ae0a2,0340c75d15151c0d1d1d1bzc11=z,1972-10-16T09:32:32,2019-11-19T21:14:16,2020-08-23T14:23:18,[with and kaztxt.exe],,34.00KB (35104 bytes),5ef204cfbc53779500a050c36dea14fc,5 / 69,,[peexe overlay],https://www.virustotal.com/gui/file/bfefb3f9dea9ece5a46a3a508f9fa29e2dc01176be5369e044e07a1b929ae0a2
88b76be1f1ffb9afa3fd8a1dca0fe92a,43e82f6e543f3e06d8e7fc38df173a1b5829c9fc,0b777a43a1fa898e337b22ba9119d08348d54bc67e20a969d09608d4df524aed,0340c75d15151c0d1d1d1bzc11=z,1972-10-16T09:32:32,2019-11-19T20:49:11,2020-03-09T08:10:41,[many warning.exe],,35.00KB (36000 bytes),5ef204cfbc53779500a050c36dea14fc,4 / 72,,[peexe overlay],https://www.virustotal.com/gui/file/0b777a43a1fa898e337b22ba9119d08348d54bc67e20a969d09608d4df524aed
4dccffe134ac6f21083d70c917a8dfe5,a0774d484d88f80be22ebeb4f1d8d1142f835da3,9bcf3d7ab6784f33949b4f7d7ef4a1ca091125904993f7089c07aa4b32554a32,0340c75d15151c0d1d1d1bzc12=z,1972-10-16T23:11:36,2019-11-19T20:05:09,2020-06-16T02:55:06,[adl+kuz.exe],,32.00KB (32736 bytes),cb19d9342669697a70df240326c9e36e,7 / 73,,[peexe overlay],https://www.virustotal.com/gui/file/9bcf3d7ab6784f33949b4f7d7ef4a1ca091125904993f7089c07aa4b32554a32
3c04b325aeb77ba957f98b53cddac88d,7ee8d466411d2d8010ed6f7f900856bddc727141,e37493793723e716ba23d281d06ba31a7c921a32a848a29ce0844b2485317183,,1970-01-01T01:00:00,2018-12-21T07:22:34,2019-11-12T00:57:24,[ATT00001.jpg],,1.00KB (1066 bytes),,0 / 57,,[jpeg],https://www.virustotal.com/gui/file/e37493793723e716ba23d281d06ba31a7c921a32a848a29ce0844b2485317183
978b1cc65241e768d6b611436dc11696,eb0f80a4a871d5c9424e301c22c325e84b78ea55,2f133116d3a85ccead2b1bcfa6ba59d04387e107f0039502b39ed114e5ef8075,,1970-01-01T01:00:00,2018-12-21T07:25:59,2019-12-12T12:09:32,[ATT00001.jpg],,389.00KB (398293 bytes),,0 / 57,,[jpeg],https://www.virustotal.com/gui/file/2f133116d3a85ccead2b1bcfa6ba59d04387e107f0039502b39ed114e5ef8075
efa53c81f9b6d0b245609fdcdd652826,5fa28f738887106cf406f7f9f9b5b32ad9c7f937,6874b387a1c07d85bbedbd196cae3f06539cbcc724395723034196a3ad016724,3140365515170831045020,2017-03-15T04:55:08,2019-03-08T16:56:21,2020-02-19T11:41:08,[Microsoft.Exchange.Data.Mime.dll myfile.exe],,10.00KB (10240 bytes),dae02f32a21e03ce65412f6e56942daa,40 / 69,Backdoor:Win32/Turla.TA!dha,[64bits assembly pedll],https://www.virustotal.com/gui/file/6874b387a1c07d85bbedbd196cae3f06539cbcc724395723034196a3ad016724
890c13f99a35dcd780ca151dcf1c7aa2,b7eb3fbfbdc484f593dbff6b85992b02e89869a5,b207f98634b3a43a206b26ea62d107909f1b5084d11bfa60d854838cf1b11e15,04405d6d5d0d0d0128z2a19lz1fz,2006-09-26T08:24:45,2013-04-06T17:24:19,2020-03-08T12:07:16,[myfile.exe vt-upload-_SiNQ C:\hTGKhvY8\fQm_nM.doc C:\e3TiyT50\VdJXT.dotx],,48.00KB (49152 bytes),83b67e8893d114c25b4e8a245d141226,52 / 73,Trojan:Win32/Casdet!rfn,[corrupt peexe armadillo overlay],https://www.virustotal.com/gui/file/b207f98634b3a43a206b26ea62d107909f1b5084d11bfa60d854838cf1b11e15
5926ed4e825635589f2fb9220e1e8dc1,b12ec24f9f29f811cfa0d9d59e9aa50e0f625da9,4f31119ef1d2e74b3a104b8296ba2176b4ede557f454295bafb99cd01c95394d,0610c72ec0412ff8b9104191e28e2b08,1970-01-01T01:00:00,2019-10-30T22:13:12,2020-03-04T15:49:50,[jquery.easing.1.3.js.txt],,8.00KB (8514 bytes),,0 / 58,,[javascript],https://www.virustotal.com/gui/file/4f31119ef1d2e74b3a104b8296ba2176b4ede557f454295bafb99cd01c95394d
7200e355f0573f054d80472f41976519,0b38333801dd7bd105772ecce94ed326d9b3622e,da9ac324a8ab71abda8c343d4cf017f8df51147061f0a462889b514f89ae57b5,1830661f55151d151bz4jz11z1ez2,2016-02-09T09:11:49,2019-04-09T14:25:48,2020-03-08T12:57:53,[myfile.exe 7200e355f0573f054d80472f41976519.virus],,8.00KB (8192 bytes),682156c4380c216ff8cb766a2f2e8817,53 / 72,Backdoor:Win32/Turla.AC,[pedll],https://www.virustotal.com/gui/file/da9ac324a8ab71abda8c343d4cf017f8df51147061f0a462889b514f89ae57b5
481af8ec3f2e3f96d984693df8602e2f,95ef6beac652f0e7cdb5d43d530fc0e77a2cc1f8,4417cc080e421e3cd9e318073d2c0d1c865b309dfae573386df20abeb7667efb,1830761f551515151d1bz4jz11z1ez2,2018-08-08T10:10:08,2019-02-11T07:39:30,2020-09-22T19:41:24,[myfile.exe /var/vb100/rep_file_pool///000220/2829/481af8ec3f2e3f96d984693df8602e2f CD6F5173.dll],,9.00KB (8704 bytes),682156c4380c216ff8cb766a2f2e8817,52 / 69,Backdoor:Win32/Turla.AC,[64bits assembly pedll],https://www.virustotal.com/gui/file/4417cc080e421e3cd9e318073d2c0d1c865b309dfae573386df20abeb7667efb
5924eac8af1f3e3f1f825998bc59c062,0a9f10925af42df94925d07112f303d57392c908,88c90c2b123a357423ab3241624cba49d57122ee3b8ff4130504090c174bb09d,125056656d15551063z22z46bz19z9ez3,2016-07-01T19:41:56,2019-01-18T04:08:15,2020-09-06T16:50:51,[myfile.exe BPA.Transport.dll H:\Program Files\Microsoft\Exchange Server\V14\Bin\BPA.Transport.dll C:/Samples/5924EAC8AF1F3E3F1F825998BC59C062],,238.00KB (243712 bytes),12c1edbd827cc88e4df8d4470c7bebd6,49 / 66,Backdoor:Win32/Turla.TA,[64bits assembly pedll],https://www.virustotal.com/gui/file/88c90c2b123a357423ab3241624cba49d57122ee3b8ff4130504090c174bb09d
25433e78c32d3d074ac68260957f5659,c2e81002a22f3b2acf7bce7327372a6a33db18c7,26d75ec9a5474cb3dec54e65f7008faee3be900afd97146bb8647d2930c35f8f,,1970-01-01T01:00:00,2018-01-18T13:26:51,2020-02-29T18:16:17,[attachment.bin],,1.00KB (801 bytes),,0 / 59,,[jpeg],https://www.virustotal.com/gui/file/26d75ec9a5474cb3dec54e65f7008faee3be900afd97146bb8647d2930c35f8f
9573f452004b16eabd20fa65a6c2c1c4,6239b4d374539c940cffa698e0993d199918a2fc,d4ba16db7c26622d2d402cb9714331abfee891b6276d16e6c2f2132e8944cc71,253036551517001580020,2018-09-10T20:32:40,2019-10-12T11:07:06,2020-11-13T11:47:30,[Client.exe d4ba16db7c26622d2d402cb9714331abfee891b6276d16e6c2f2132e8944cc71.sample C:\Users\<USER>\AppData\Local\VirtualStore\certcheck.exe],,6.00KB (5632 bytes),f34d5f2d4577ed6d9ceec516c1f5a744,55 / 71,Trojan:Win32/Occamy.CD4,[peexe assembly],https://www.virustotal.com/gui/file/d4ba16db7c26622d2d402cb9714331abfee891b6276d16e6c2f2132e8944cc71
ab3e7524f8e75bee47cfa1a838782f1d,f091ca0ab6e4837ae6de5e1602b4751aa9606919,f0e5dd9ad5ac4f17517dab5c1c42068a60cd9db9a58f8a8349deebd1bf9eeccf,"0150577d757d6d1""z",2013-10-15T12:43:09,2019-10-05T18:16:55,2020-08-23T14:23:21,[],,124.00KB (126976 bytes),,47 / 67,Backdoor:Win32/WipBot.B,[peexe overlay],https://www.virustotal.com/gui/file/f0e5dd9ad5ac4f17517dab5c1c42068a60cd9db9a58f8a8349deebd1bf9eeccf
71dd8648a286d4d5ccb040db4f81a3cb,fdffe0519ebf06660974e8e06e13b88e34b3a70e,ce73f23239f2720be2bed098da4179c88e4f408e3ecef5971eb7e03c4f965aa9,115056655d15151078z76dz37z95z46z3,2008-05-22T12:24:55,2019-10-05T18:42:59,2020-08-23T13:33:44,[],,188.00KB (192512 bytes),fab5d0143807e94583bc074dc6d270cc,52 / 67,Worm:Win32/Autorun.FC,[armadillo pedll overlay],https://www.virustotal.com/gui/file/ce73f23239f2720be2bed098da4179c88e4f408e3ecef5971eb7e03c4f965aa9
4c0a84a2ebe157fbab2c42f8e92ab330,f26cdd4b63b97758ddbf73cab97f08cbe7ad31d9,6b79e2edf5d09f49308d7afb26f0312380de3249939bd46659acc1836146b266,115056655d15151068z72dz37z95z46z3,2008-03-27T15:58:15,2019-10-07T06:04:30,2020-03-08T11:49:23,[],,128.00KB (131072 bytes),e52a04085b1b491acd60b0148fc96e1f,56 / 72,Worm:Win32/Autorun.FC,[armadillo pedll overlay],https://www.virustotal.com/gui/file/6b79e2edf5d09f49308d7afb26f0312380de3249939bd46659acc1836146b266
44fb1516e3c290237b4bed7d59496442,e87d58004e122e2a7cf02dcb3452a3c41ae2ef62,98f8bbafc11a754c7cf50996fed75f39cdcae0fb624c12d7ab648befc5de7a1f,115046655d151078z6cdz37z95z46z2,2007-06-19T14:41:21,2019-10-07T05:33:56,2020-03-08T11:38:16,[],,104.00KB (106496 bytes),c5105ce0ae067ef50557f8842c819355,55 / 72,Trojan:Win32/Remdruk.A,[armadillo pedll overlay],https://www.virustotal.com/gui/file/98f8bbafc11a754c7cf50996fed75f39cdcae0fb624c12d7ab648befc5de7a1f
65e6025462d5b47e07d5fd724a549c92,ac4fe1241cce7954645df72c2785d31f6b886869,aa14d71d161d69eac36bada2d015beecd5e2c69f8c87e7fffa05b1fba26a2496,194056651d15151078z61dz37z95z46z2,2007-07-24T14:57:37,2019-10-07T05:01:27,2020-03-20T13:45:15,[],,96.00KB (98304 bytes),2eeeef81779c5520c4f8b7dc5f65b987,55 / 69,Worm:Win32/Yacspeel.gen!A,[armadillo pedll overlay],https://www.virustotal.com/gui/file/aa14d71d161d69eac36bada2d015beecd5e2c69f8c87e7fffa05b1fba26a2496
2262bb56584a0e58193404e5fb3a8eed,de091a84504e4472fe7175be94d276fa2462d13d,5a64a2e46f7bd357c54a330db10d08ffa4b40678b795d41eea21f2513995fc39,115056655d15155078z76dz37z95z46z3,2008-06-09T19:23:56,2020-02-27T16:39:01,2020-03-08T12:24:13,[MSJAVAVM MsJavaVM.dll out],,176.00KB (180224 bytes),9d0d6daa47d6e6f2d80eb05405944f87,55 / 71,Worm:Win32/Autorun.JE,[pedll],https://www.virustotal.com/gui/file/5a64a2e46f7bd357c54a330db10d08ffa4b40678b795d41eea21f2513995fc39
28024234c30880ecf146526ca430f9ca,9e5e5dda6ff1d3e58150854c1a53f4a56c4fd7a9,d1b556618691aaab2117adf71fb361d59e2a8c94c50e370df2c574d2ba20cd8c,115056655d15155078z78dz37za5z46z3,2009-12-07T15:25:12,2012-05-25T21:18:10,2020-03-08T13:04:31,[MSJAVAVM MsJavaVM.dll 28024234c30880ecf146526ca430f9ca.dll G:\0526\00603 /opt/malwareader/ready/4a63eb466efd3de4f45ffdb403962271ac6b34668d81c794429f48b44136f9005c4e96119cff6b239896b57966d19e94e680ad6c974c5cb2a4bccaf636bbde32/4a63eb466efd3de4f45ffdb403962271ac6b34668d81c794429f48b44136f9005c4e96119cff6b239896b57966d19e94e680ad6c974c5cb2a4bccaf636bbde32 c:/aa/aa C:\AeyCjTGStM\eioUzoY\HiidN.chm C:\LontEPb7kH\MosPXYs\prBsIMZBY\ei_qBZv.tgz],,188.00KB (192000 bytes),77eaa2dbe5af1fb50e353960c9dca560,58 / 72,Trojan:Win32/Turla!dha,[armadillo pedll],https://www.virustotal.com/gui/file/d1b556618691aaab2117adf71fb361d59e2a8c94c50e370df2c574d2ba20cd8c
9e8d05e70588e4d3b2feb1a5e895960a,bba2b17d7e8866e1f9ed1412a28ea47faf31a275,066abb90002d7563fe69ff8f38eb76d470e145ba6a9647ed7523cbbc7532b2fe,015046651d155118z63jz11z85z37z,2006-07-11T07:45:21,2009-07-16T12:58:26,2020-03-08T12:00:09,[Wextract WEXTRACT.EXE test.txt c:/aa/aa C:\6Z4g\jbBlUa1Thj\WgIl\Pqrp\l5mpWZL\acLXe3aA.ini C:\K_Yv4Vm\6uNwiemV\SuET1zR\KJgClYpJtD.cpl],,108.00KB (110624 bytes),b250f19e86e9832dbf65a8dde1b99f77,47 / 70,Trojan:Win32/DSSDetection,[peexe overlay],https://www.virustotal.com/gui/file/066abb90002d7563fe69ff8f38eb76d470e145ba6a9647ed7523cbbc7532b2fe
5bc96f6c393f73f78ebc4bd28167f57d,402d8eeb7cdefe51d0d45c208761c73ee7f9be40,83852075e1c38827c76fd31127575a5ab46a5bc0b3a4bef61d723f043f324a25,115056655d15155078z78dz37za5z46z3,2010-02-17T16:15:24,2012-03-31T20:33:58,2020-03-08T13:00:41,[MSJAVAVM MsJavaVM.dll 5bc96f6c393f73f78ebc4bd28167f57d.dll G:\Prepare\0401\1031 msemsnsv.dll c:/aa/aa C:\H1y7o6\RS93\0bGoQFQah\yY8eyZl.hta C:\c4oHCAT_e\pHKJX\nRzY\Pm8rxI\11YoKq.vsd],,190.00KB (194048 bytes),77eaa2dbe5af1fb50e353960c9dca560,54 / 72,Backdoor:Win32/Turla.E,[armadillo pedll],https://www.virustotal.com/gui/file/83852075e1c38827c76fd31127575a5ab46a5bc0b3a4bef61d723f043f324a25
80fc5df5022be7b91de43017f586f1d7,7167770964ba851ff4e33717b1f77256c67c7e7d,0771598689383f62f6ea3ee6b3368b2943a815198ad6f62200e2b0a02a88edc7,194046651d151078z6cdz37z95z46z2,2007-06-26T10:46:11,2012-05-02T05:27:27,2020-03-08T12:09:26,[80fc5df5022be7b91de43017f586f1d7 G:\Prepare\0501\01861 80fc5df5022be7b91de43017f586f1d7.dll c:/aa/aa C:\BElkGh\MAFQVfn1\txqRD\Z1KoUXrH\WxFotL.rar C:\JkKS\o3Us9LNNmt\Ilia\qVPA1J6yGo\lYya7PEbR.ocx],,96.00KB (98304 bytes),05b47acb39a892721991b31cc8c037af,57 / 71,Worm:Win32/Yacspeel.B,[armadillo pedll],https://www.virustotal.com/gui/file/0771598689383f62f6ea3ee6b3368b2943a815198ad6f62200e2b0a02a88edc7
b41fbdd02e4d54b4bc28eda99a8c1502,4b47c438a5fc320297eb57ae00756271a2920176,05dc66031e4276bc20010743d8cd0ee36e4064cf087b6b4617fefb86a4702873,194046651d151078z6adz37z95z46z2,2007-06-13T09:31:32,2007-08-14T13:04:04,2020-03-08T11:46:56,[desktop.dll b41fbdd02e4d54b4bc28eda99a8c1502 b41fbdd02e4d54b4bc28eda99a8c15024b47c438a5fc320297eb57ae00756271a292017698304.dll Trojan.Win32.Agent.bve.dll /var/newbot/vh/Trojan.Win32.Agent.bve B41FBDD02E4D54B4BC28EDA99A8C1502 b41fbdd02e4d54b4bc28eda99a8c1502.dll Trojan.Win32.Agent.bve c:/aa/aa C:\jU2rMp\unkKyE8L\nTibw.tiff c:\foo.bar],,96.00KB (98304 bytes),80f26738f0789833e61779982b1c9d91,57 / 72,Trojan:Win32/Remdruk.A,[armadillo pedll],https://www.virustotal.com/gui/file/05dc66031e4276bc20010743d8cd0ee36e4064cf087b6b4617fefb86a4702873
252ec60966a4e249d1fecbea52519438,25cb1acd8537e08bcfcb13599f4c625f58a64815,5ef0e2ba35f20f8b9401aa29e689893971d591a084dd659b06ad6e349279e0e1,1830661f55151d151bz7jz1iz1,2018-10-25T12:03:06,2020-02-06T19:15:32,2020-03-08T12:40:49,[096FBD61.bin],,8.00KB (8192 bytes),b36a305df0501982b115879ae3c3bd4b,48 / 72,Trojan:Win32/Occamy.C,[pedll],https://www.virustotal.com/gui/file/5ef0e2ba35f20f8b9401aa29e689893971d591a084dd659b06ad6e349279e0e1
d1018c9860ab45185816f8c3aa2fa6cd,242b9f78f5edf957823b33a318f09a49b9b464ac,6f43521aad63819d89d72a66a2dbdaaa3090abfd799f31f87a8a5eb01f49839d,115056655d15155078z76dz37za5z46z3,2009-04-22T13:49:07,2020-02-01T11:22:11,2020-03-08T12:05:48,[MSJAVAVM MsJavaVM.dll out c:\windows\system32\drivers\c:\windows\system32\drivers\1MB2YD.exe],,166.00KB (169472 bytes),8af4e55ef5fa2af138decdfea757c9b9,56 / 71,Worm:Win32/Autorun.JE,[pedll],https://www.virustotal.com/gui/file/6f43521aad63819d89d72a66a2dbdaaa3090abfd799f31f87a8a5eb01f49839d
26a7f2fe450f9033c8496baa404f1ef9,b750b51a2d04785af12d2b9c41b00099f7b9a9a1,5d4d1f7a3ab9c6e79e0752ebf9d30646bce605644e18c092b25d7fa26e31d837,115056651d15151068z72dz37z95z46z3,2008-03-27T15:58:15,2019-05-10T07:31:11,2020-03-08T11:59:50,[MSJAVAVM MsJavaVM.dll /home/user/Competition/orig data/2019/malware/5d4d1f7a3ab9c6e79e0752ebf9d30646bce605644e18c092b25d7fa26e31d837 msapvspc.dll],,116.00KB (118784 bytes),e52a04085b1b491acd60b0148fc96e1f,59 / 72,Worm:Win32/Autorun.FC,[armadillo pedll],https://www.virustotal.com/gui/file/5d4d1f7a3ab9c6e79e0752ebf9d30646bce605644e18c092b25d7fa26e31d837
899e28b6ec1f9c5ad2de5ab93d20e38d,3b175097106cdf22b67d32dd405171e27d9cada6,e7ae0334617c91401c91926eefb50556f54db9825cef98245332f16753797411,115056655d15155078z76dz37z95z46z3,2008-06-09T19:23:56,2020-01-24T22:11:44,2020-03-08T12:55:44,[MSJAVAVM MsJavaVM.dll out],,176.00KB (180224 bytes),9d0d6daa47d6e6f2d80eb05405944f87,57 / 71,Worm:Win32/Autorun.JE,[armadillo pedll],https://www.virustotal.com/gui/file/e7ae0334617c91401c91926eefb50556f54db9825cef98245332f16753797411
47870ff98164155f088062c95c448783,15e710a107830b193124a6d2bbc785b9383262a9,009406c1c7c0b289a25d44dfaa8364633d9b71df5f3c7a65deec1ef00a8c2ebb,256036755511a002beb0035,2018-09-10T14:05:01,2019-10-12T11:06:09,2020-11-12T17:37:47,[topinambour.exe 009406c1c7c0b289a25d44dfaa8364633d9b71df5f3c7a65deec1ef00a8c2ebb.bin 009406c1c7c0b289a25d44dfaa8364633d9b71df5f3c7a65deec1ef00a8c2ebb.sample],,5776.00KB (5914624 bytes),f34d5f2d4577ed6d9ceec516c1f5a744,55 / 70,Trojan:Win32/Occamy.C00,[peexe assembly],https://www.virustotal.com/gui/file/009406c1c7c0b289a25d44dfaa8364633d9b71df5f3c7a65deec1ef00a8c2ebb
0d1a72a9d89d8c08245e951ccdee7f0d,8c6b2f085a41253451ec664c84901846ab67fd05,4b5cdea9e1e0ada2965910444b8fca54f6b729940a383ee9620dbb4048a65481,1830761f551515151d1bz7jz1iz1,2018-10-25T12:03:08,2020-01-03T08:08:26,2020-03-31T14:51:22,[CD6F5173.dll],,9.00KB (8704 bytes),b36a305df0501982b115879ae3c3bd4b,40 / 67,Trojan:Win32/Wacatac.C!ml,[64bits assembly pedll],https://www.virustotal.com/gui/file/4b5cdea9e1e0ada2965910444b8fca54f6b729940a383ee9620dbb4048a65481
8ac035756d3a3b0659c8253a8292dc79,f0042684037ae2b8242e6166694b9ac1b281f971,d811bdce1a768301a5c2e718e7a872f780211b6a4cb9dbe6a3459acbb8c7ef61,115056655d15155078z76dz37z95z46z3,2008-06-09T19:23:56,2019-12-29T12:52:52,2020-04-10T00:17:54,[MSJAVAVM MsJavaVM.dll out c:\windows\system32\drivers\c:\windows\system32\drivers\M6E989.exe],,176.00KB (180224 bytes),9d0d6daa47d6e6f2d80eb05405944f87,59 / 71,Worm:Win32/Autorun.JE,[armadillo pedll],https://www.virustotal.com/gui/file/d811bdce1a768301a5c2e718e7a872f780211b6a4cb9dbe6a3459acbb8c7ef61
4657e8128ce3e4f8f3b913f363e64a2e,d3b653af3e1dcfda3b824338f1ec5ccd0371f511,7efedcc744992424c401c57d853bb5df04dc3c56154ce845c373d8828ce74784,115056655d15155078z76dz37z95z46z3,2008-06-09T19:23:56,2019-12-28T18:07:43,2020-03-08T11:44:30,[MSJAVAVM MsJavaVM.dll out c:\windows\system32\drivers\c:\windows\system32\drivers\20EXWS.exe],,176.00KB (180224 bytes),9d0d6daa47d6e6f2d80eb05405944f87,58 / 72,Worm:Win32/Autorun.JE,[armadillo pedll],https://www.virustotal.com/gui/file/7efedcc744992424c401c57d853bb5df04dc3c56154ce845c373d8828ce74784
163451f0f8ac882d7218422e594d7c38,631e543680c409829b43eaf5972d08422762ac1f,9c661cf8fcb8be0ee7ce7833770ef3a758cf0fb5d931f49670b0a9fe56bf687c,1830761f551515151d1bz4jz11z1ez2,2016-02-09T09:11:50,2019-01-28T17:19:26,2019-12-26T19:33:01,[/media/freddie/Seagate Expansion Drive/aptmalware/SampleLibraryAUG2019/Turla/KazuarRAT2019/TurlaKazImplant myfile.exe dttcodexgigas.631e543680c409829b43eaf5972d08422762ac1f],,9.00KB (8704 bytes),682156c4380c216ff8cb766a2f2e8817,50 / 72,Backdoor:Win32/Turla.AC,[64bits assembly pedll],https://www.virustotal.com/gui/file/9c661cf8fcb8be0ee7ce7833770ef3a758cf0fb5d931f49670b0a9fe56bf687c
10772c88a8053b3c73544feca1d040c3,be80b2dbd9d8c71885527252b07f92a4a219b9ad,b85e191d091feae751126ee6222655f5469a8afddaec30dadacf2f6e7b0d4164,,1970-01-01T01:00:00,2019-12-21T05:00:32,2020-03-07T08:21:44,[.data],,20.00KB (20480 bytes),,8 / 58,,[],https://www.virustotal.com/gui/file/b85e191d091feae751126ee6222655f5469a8afddaec30dadacf2f6e7b0d4164
9cd8a8c58b076a355188038b34424bb2,4f7b5ab6b6eb7c26badbf61ec415d02e7b4d0431,3afbe9253f43f7524a3a7c2854af7ec36c6ba2af5da791ab0cb0919f09d1231f,1830760f150515151d1bz4jz11z1fz,2018-08-08T10:10:08,2019-12-11T15:12:22,2020-02-24T22:04:04,[018833609 c:\windows\system32\drivers\c:\windows\system32\drivers\IBCWB9.exe],,9.00KB (8704 bytes),682156c4380c216ff8cb766a2f2e8817,36 / 69,Backdoor:Win32/Turla.AC,[64bits assembly pedll],https://www.virustotal.com/gui/file/3afbe9253f43f7524a3a7c2854af7ec36c6ba2af5da791ab0cb0919f09d1231f
55ba9886ff2ab87a1e088c2deb72bdbe,3006b384053557b71eb212eec2cdc5aea3d73caa,5696e0df84600435a639d850a66b97a58aafdb1f72c57685eb6114d1dcf84212,1830760f150515151d1bz4jz11z1ez2,2018-08-08T10:10:08,2019-12-11T15:10:45,2020-03-31T14:42:23,[018833609],,9.00KB (8704 bytes),682156c4380c216ff8cb766a2f2e8817,36 / 70,Backdoor:Win32/Turla.AC,[64bits assembly pedll],https://www.virustotal.com/gui/file/5696e0df84600435a639d850a66b97a58aafdb1f72c57685eb6114d1dcf84212
7c834d71a108c4da3c0a8b7af05507ad,4acb781839437349e1644c769291799d7ccab255,38ad42174861ea9b4ea929347f4cf37cc80b075cad0e419f12e3b6cfafa21454,115056651d15151068z72dz37z95z46z3,2008-03-27T15:58:15,2019-05-05T13:25:56,2020-03-08T12:21:08,[MSJAVAVM MsJavaVM.dll wkwfax.dll],,116.00KB (118784 bytes),e52a04085b1b491acd60b0148fc96e1f,59 / 72,Worm:Win32/Autorun.FC,[pedll],https://www.virustotal.com/gui/file/38ad42174861ea9b4ea929347f4cf37cc80b075cad0e419f12e3b6cfafa21454
4deb0196b26ced848d300158eca103f0,8274f9021719f1645c9a6ab10bbd077614ea3fd3,14a2cf3d881148fee67a4c7cd1b93beb9d86f5fbd00ef49ef0af7fa315b8f8ae,115056651d15151068z72dz37z95z46z3,2008-03-27T15:58:15,2019-04-27T05:27:13,2020-03-08T12:33:08,[MSJAVAVM MsJavaVM.dll 4deb0196b26ced848d300158eca103f0.virobj nvwrsphb.dll],,116.00KB (118784 bytes),e52a04085b1b491acd60b0148fc96e1f,58 / 72,Worm:Win32/Autorun.FC,[pedll],https://www.virustotal.com/gui/file/14a2cf3d881148fee67a4c7cd1b93beb9d86f5fbd00ef49ef0af7fa315b8f8ae
d91153dc28274eb12e2e1233ab0552f1,fc92ab856547659610fcff07b0b6645b550ed67e,174b856af24a8b4afa19fa3c8de397c5f75d9c1dcfc61703c21b0505eb1a0970,115056651d15151068z72dz37z95z46z3,2008-03-27T15:58:15,2019-05-01T09:10:20,2020-03-08T13:00:49,[MSJAVAVM MsJavaVM.dll dmusoc.dll],,116.00KB (118784 bytes),e52a04085b1b491acd60b0148fc96e1f,58 / 71,Worm:Win32/Autorun.FC,[pedll],https://www.virustotal.com/gui/file/174b856af24a8b4afa19fa3c8de397c5f75d9c1dcfc61703c21b0505eb1a0970
81468559724652d91df6b26833cc34bf,804057a3b2af5c7ff7c976eedc8f8e628f11e877,4d2b87b0affb4bf3dbd4e41e8a696e1315f619e11bb33006c2fb68a29101a0d8,115056651d15151068z72dz37z95z46z3,2008-03-27T15:58:15,2019-04-26T21:51:27,2020-03-08T11:51:58,[MSJAVAVM MsJavaVM.dll usbmun.dll],,116.00KB (118784 bytes),e52a04085b1b491acd60b0148fc96e1f,59 / 72,Worm:Win32/Autorun.FC,[pedll],https://www.virustotal.com/gui/file/4d2b87b0affb4bf3dbd4e41e8a696e1315f619e11bb33006c2fb68a29101a0d8
6f8f369641401b3440c9faaf63773cd8,31c32ba4b2368af0e57b6311d4bea266f954e4ee,a6e9df98e40780ac548481eebf027ede8f61ac908bbaf9fe192073ceca324d1a,115056651d15151068z72dz37z95z46z3,2008-03-27T15:58:15,2019-04-26T14:12:42,2020-03-08T11:53:28,[MSJAVAVM MsJavaVM.dll scqrddlg.dll],,116.00KB (118784 bytes),e52a04085b1b491acd60b0148fc96e1f,58 / 71,Worm:Win32/Autorun.FC,[pedll],https://www.virustotal.com/gui/file/a6e9df98e40780ac548481eebf027ede8f61ac908bbaf9fe192073ceca324d1a
8bdad50d7f2b2f30f1c8d5323475f35c,e6c5fb51d93330ec9aed1caa12851c2ae411e5c5,04ad337e7b5e9ab345e2a1b78af9b455a4d270c9996e1c16fe17a6d4eecbe39d,115056651d15151068z72dz37z95z46z3,2008-03-27T15:58:15,2019-04-26T14:11:22,2020-03-08T11:36:21,[MSJAVAVM MsJavaVM.dll txflng.dll c:\windows\system32\drivers\c:\windows\system32\drivers\J4X7JH.exe],,116.00KB (118784 bytes),e52a04085b1b491acd60b0148fc96e1f,59 / 72,Worm:Win32/Autorun.FC,[pedll],https://www.virustotal.com/gui/file/04ad337e7b5e9ab345e2a1b78af9b455a4d270c9996e1c16fe17a6d4eecbe39d
f643205cda53f8f7f157cf2b6a0a443d,4b80b2a7e596b0b6f274614c901c49b4aed7632d,bc68640690efc6ac48567b9460f37dbe9299b52724fb8fd9037ba05bf3699566,115056655d15155078z76dz37z95z46z3,2008-06-09T19:23:56,2019-04-19T10:19:38,2020-03-08T13:01:59,[MSJAVAVM MsJavaVM.dll hhsptup.dll],,176.00KB (180224 bytes),9d0d6daa47d6e6f2d80eb05405944f87,57 / 72,Worm:Win32/Autorun.JE,[pedll],https://www.virustotal.com/gui/file/bc68640690efc6ac48567b9460f37dbe9299b52724fb8fd9037ba05bf3699566
ad27c99559a742a9949560d42c25a5b2,e0ea2c7633b77863aa494b0fbd27d5aa9e0685b1,fcb1284add3a2d863af64b6e7990e13439c277e3ac241ccb58c9a04f7b7dfad4,115046655d155078z6cdz37z95z46z2,2007-06-26T10:46:11,2019-03-12T15:04:17,2020-03-08T12:53:42,[730b196431d4953cd5e3c4468637429a05b350f7d508c3ec0a982bec4c60d5ab_dump7_0x002d0000_reconstructed],,104.00KB (106496 bytes),05b47acb39a892721991b31cc8c037af,54 / 71,Trojan:Win32/Remdruk.A,[armadillo pedll overlay],https://www.virustotal.com/gui/file/fcb1284add3a2d863af64b6e7990e13439c277e3ac241ccb58c9a04f7b7dfad4
e8ab99fcd9bd876ca79e0ea7ab32e6ed,2fe98cac72e298c95ebff8040434503157f70a52,7b105b75092ac0f3454cd63b24e64a46a728942812ea5c9ef683894d1661400f,115046655d155078z6adz37z95z46z2,2007-06-13T09:31:32,2019-03-12T15:03:23,2020-03-08T11:54:02,[05dc66031e4276bc20010743d8cd0ee36e4064cf087b6b4617fefb86a4702873_dump7_0x002d0000_reconstructed],,104.00KB (106496 bytes),80f26738f0789833e61779982b1c9d91,55 / 71,Trojan:Win32/Remdruk.A,[pedll overlay],https://www.virustotal.com/gui/file/7b105b75092ac0f3454cd63b24e64a46a728942812ea5c9ef683894d1661400f
47c17d62cd1962e4bd282bbc40647940,3f9267118ece6f1e52fd729f74329bdc917fc7bb,e83f37fa825b8c061c73c85aa0ce84e47d92afb30eec1332981dd4d03520022f,155076151d1d5515651088z793z87z31z1011z87z11z1003,2008-05-05T13:27:48,2019-03-12T15:02:25,2020-04-15T12:34:17,[MSJAVAVM MsJavaVM.dll 529d08b500a7687bb973c757fbfbc2c2790fbee52f060ca0575b8caf57ab0bf1_dump7_0x00380000_reconstructed],,532.00KB (544768 bytes),3df4a8f1a8d0e93e963a5b21bb937de1,51 / 72,Worm:Win32/Autorun.FC,[pedll],https://www.virustotal.com/gui/file/e83f37fa825b8c061c73c85aa0ce84e47d92afb30eec1332981dd4d03520022f
1f8a62d84c8d521aa333a9bcd7f630d3,461897e88113d50e800deac59261efccf31a03c1,739aa8eb0a2a6e7755752f2be9f03f99d26cc370afce6dd968a85c06f9c8bfc7,1830761f551515151d1bz4jz11z1ez2,2016-02-09T09:11:50,2019-10-07T02:05:18,2019-10-07T02:05:18,[739aa8eb0a2a6e77_1f3975ea6a12e99f7f0579c84710d1dd.dll c:\windows\system32\drivers\c:\windows\system32\drivers\DFZSHB.exe],,9.00KB (8704 bytes),682156c4380c216ff8cb766a2f2e8817,29 / 69,Backdoor:Win32/Turla.AC,[64bits assembly pedll],https://www.virustotal.com/gui/file/739aa8eb0a2a6e7755752f2be9f03f99d26cc370afce6dd968a85c06f9c8bfc7
f19f0170ede809218b35b705478dc1a9,3f9edd34511aeee799a64c33fc2df6035057ca7f,3816da9ae3be4e2830c89c6ba192b8b0af330b20276a264c5ec7a12f8bbd116b,115056655d15151078z76dz37z95z46z3,2008-06-09T19:23:56,2019-10-07T00:23:32,2020-05-31T13:44:26,[],,188.00KB (192512 bytes),9d0d6daa47d6e6f2d80eb05405944f87,56 / 71,Worm:Win32/Autorun.FC,[armadillo pedll overlay],https://www.virustotal.com/gui/file/3816da9ae3be4e2830c89c6ba192b8b0af330b20276a264c5ec7a12f8bbd116b
eb928bca5675722c7e9e2b09eec1158a,c4aa85417dff49ac0818a6c6e7f94665c2720777,7c08e72dc458191de61d5245ecfdc9e6b7c1f1f0ad8e4a7c04ab114503f88114,115056655d15155078z76dz37za5z46z3,2008-12-29T12:37:17,2013-07-30T07:23:14,2020-03-08T11:50:07,[MSJAVAVM MsJavaVM.dll c4aa85417dff49ac0818a6c6e7f94665c2720777 c:\foo.bar],,176.00KB (180224 bytes),d603e13a9f1ae19212d4ac335b0d0e47,54 / 71,Worm:Win32/Autorun.JE,[armadillo pedll],https://www.virustotal.com/gui/file/7c08e72dc458191de61d5245ecfdc9e6b7c1f1f0ad8e4a7c04ab114503f88114
78d3f074b70788897ae7e20e5137bf47,2d7e61500c3f2367561e0f17f56643223e6c85aa,636106ef35adeddfb60763b0316d67d11ef6845fcc6879adc23465cb20ed97c5,115056655d15155078z76dz37z95z46z3,2008-05-12T13:52:31,2012-12-15T08:36:15,2020-03-08T11:38:46,[MSJAVAVM MsJavaVM.dll 78d3f074b70788897ae7e20e5137bf47.sample pngfiqt.dll_old c:\foo.bar c:\windows\system32\drivers\c:\windows\system32\drivers\PLWPR0.exe],,180.00KB (184320 bytes),fab5d0143807e94583bc074dc6d270cc,57 / 72,Worm:Win32/Autorun.FC,[armadillo pedll],https://www.virustotal.com/gui/file/636106ef35adeddfb60763b0316d67d11ef6845fcc6879adc23465cb20ed97c5
4a9eb485e7324499da77e00eb222d553,b1e32ec92db93d9d46bbcb758db0cea1ea6c0941,cbae7a3cc20ee968685f81ec65a2aa1fbb5a16e5fae7dbc257db1c13a2eb2923,115056655d15151078z76dz37z95z46z3,2008-11-06T14:21:45,2019-10-05T18:28:12,2020-08-23T14:17:36,[c:\windows\system32\drivers\c:\windows\system32\drivers\3CQYHI.exe],,188.00KB (192512 bytes),835361ef25f61d424b0d35306a53abb6,54 / 67,Trojan:Win32/Skeeyah.A!rfn,[armadillo pedll overlay],https://www.virustotal.com/gui/file/cbae7a3cc20ee968685f81ec65a2aa1fbb5a16e5fae7dbc257db1c13a2eb2923
db1156b072d58acdac1aeab9af2160a2,caf5019e06421b94009c0a16f9bc1d9375ef63a6,15580d72045b0806d99cde386e42bf3f078746c4194b0932efc6fcdb9104898d,115056655d15155078z76dz37z95z46z3,2008-11-06T14:21:45,2008-11-14T19:45:48,2020-07-13T03:38:55,[MSJAVAVM MsJavaVM.dll S3.tmp VirusShare_db1156b072d58acdac1aeab9af2160a2 malwareIndie_db1156b072d58acdac1aeab9af2160a2 15580d72045b0806d99cde386e42bf3f078746c4194b0932efc6fcdb9104898.dll malware.exe malware_1.exe db1156b072d58acdac1aeab9af2160a2 db1156b072d58acdac1aeab9af2160a2caf5019e06421b94009c0a16f9bc1d9375ef63a6180224.dll MsJavaVM.dl caf5019e06421b94009c0a16f9bc1d9375ef63a6 /var/newbot/vh/Worm.Win32.AutoRun.oon db1156b072d58acdac1aeab9af2160a2.dll Worm.Win32.AutoRun.oon DB1156B072D58ACDAC1AEAB9AF2160A2 c:\virus\VirusShare_db1156b072d58acdac1aeab9af2160a2],,176.00KB (180224 bytes),835361ef25f61d424b0d35306a53abb6,55 / 72,Worm:Win32/Autorun.JE,[armadillo pedll],https://www.virustotal.com/gui/file/15580d72045b0806d99cde386e42bf3f078746c4194b0932efc6fcdb9104898d
f93ce76f6580d68a95260198b2d6feaa,c876d3e45b2289ed11fb1d4fb3e33fee0521654c,0e3f899dcb2328fa8b2be2c4fcc3fbe5f62d0f8728f23e306ebec1c4c94c9180,115056655d15155078z75dz37za5z46z2,2007-12-03T15:15:58,2008-02-14T13:39:45,2020-03-08T11:47:01,[MSJAVAVM MsJavaVM.dll f93ce76f6580d68a95260198b2d6feaa s7epicpe.dll f93ce76f6580d68a95260198b2d6feaac876d3e45b2289ed11fb1d4fb3e33fee0521654c114688.dll qal.dll /var/newbot/vh/Worm.Win32.AutoRun.cob Worm.Win32.AutoRun.cob.bin f93ce76f6580d68a95260198b2d6feaa.dll n3dim700.dll vcdec.dll F93CE76F6580D68A95260198B2D6FEAA c:/aa/aa C:\hJL_uR\5ITT22\k3wm9GPP2\ahvrB\BXiS9be47.vbs C:\P6Sm2\tB4DnjVwF2\q_777QO\DmhF32\LA2WQ\Pcb8_.xlsx],,112.00KB (114688 bytes),2b77039ae375b074595466d54e978f42,59 / 72,Trojan:Win32/Remdruk.A,[armadillo pedll],https://www.virustotal.com/gui/file/0e3f899dcb2328fa8b2be2c4fcc3fbe5f62d0f8728f23e306ebec1c4c94c9180
a5e8e5633bb06f12a511011d6adb3a83,c3d4eacedb927daee0f35b6c9ba75cdc7650aac6,b820b42479b87058bcbb9a63856cc8510af4632b51126113e52e222e04b6bc97,115046655d151078z6adz37z95z46z2,2007-06-13T09:31:32,2018-01-09T17:04:28,2020-03-08T12:23:01,[b820b42479b87058bcbb9a63856cc8510af4632b51126113e52e222e04b6bc97.sample],,104.00KB (106496 bytes),80f26738f0789833e61779982b1c9d91,52 / 71,Trojan:Win32/Remdruk.A,[armadillo pedll overlay],https://www.virustotal.com/gui/file/b820b42479b87058bcbb9a63856cc8510af4632b51126113e52e222e04b6bc97
031782fccc281aca377cef1d6d6ffc6b,a1686a42b556fbce00f2615c7d6c2f3a55ad517f,20fe600cba0ff61c16f5e3e06438e3c4db006f22bc9b3b9b51ef440462444252,125056656d15551063z22z46bz19z9ez3,2014-07-25T20:14:16,2019-08-19T21:34:50,2020-04-19T21:22:55,[BPA.Transport.dll],,238.00KB (243712 bytes),12c1edbd827cc88e4df8d4470c7bebd6,38 / 69,Backdoor:Win32/Turla.TA!dha,[64bits assembly pedll],https://www.virustotal.com/gui/file/20fe600cba0ff61c16f5e3e06438e3c4db006f22bc9b3b9b51ef440462444252
45e611c1bede7d1ff0a9a169590c0c28,52547b8bf0f1570e52a4bebc6d3745e2a88b1226,11a7d54f9380c84c4850dcf6f79ca688f72382e34bdccbb0bca9f5fccae544c5,115056655d15155078z76dz37z95z46z3,2008-06-09T19:23:56,2019-07-03T06:23:03,2020-03-08T11:42:43,[MSJAVAVM MsJavaVM.dll],,176.00KB (180224 bytes),9d0d6daa47d6e6f2d80eb05405944f87,55 / 71,Worm:Win32/Autorun.JE,[pedll],https://www.virustotal.com/gui/file/11a7d54f9380c84c4850dcf6f79ca688f72382e34bdccbb0bca9f5fccae544c5
9456197d0f8b6cabfea5f02ffb0176dd,3c687c72a949015d5e8017c65fc4966a3b004b48,cffac1039659857f410f5069751c6cc1c8aa413daecb27d50d85e29c5636ef63,125056656d15551063z22z4abz19z9ez3,2016-12-20T02:13:50,2019-06-21T12:35:30,2020-03-11T08:32:00,[eseutil.dll],,255.00KB (261120 bytes),0a533f7d790aa836bf3658c3fc4557d7,49 / 72,Trojan:Win64/Onoynah,[64bits assembly pedll],https://www.virustotal.com/gui/file/cffac1039659857f410f5069751c6cc1c8aa413daecb27d50d85e29c5636ef63
2540ddea844c96e61460392a8ee573ae,00dc35ed966fa42a059fad7fbbfd68a6532c62f5,959cb34ef9b205cced80b3542e4d16e55ac91596b7cfa4ba4deb1bd3dac1f57d,115056655d15155078z76dz37za5z46z3,2009-04-22T13:49:07,2019-06-01T06:30:12,2020-08-23T14:20:44,[MSJAVAVM MsJavaVM.dll 2540ddea844c96e61460392a8ee573ae.virus],,166.00KB (169472 bytes),8af4e55ef5fa2af138decdfea757c9b9,52 / 67,Worm:Win32/Autorun.JE,[pedll],https://www.virustotal.com/gui/file/959cb34ef9b205cced80b3542e4d16e55ac91596b7cfa4ba4deb1bd3dac1f57d
87ad17f943692fa749259190a52c81e3,d63c2d55af499ead7f7fefe7951f6f1b1296774e,6d986736200ddcff6a5d12349067e555eaa431c4ee9a59641a1f96feabb3b849,025096661d6d0d060e05|z,2009-12-07T13:41:17,2019-05-31T14:56:26,2020-03-26T13:04:02,[dttcodexgigas.d63c2d55af499ead7f7fefe7951f6f1b1296774e],,261.00KB (267180 bytes),,45 / 71,Trojan:Win32/Zpevdo.B,[corrupt peexe native overlay],https://www.virustotal.com/gui/file/6d986736200ddcff6a5d12349067e555eaa431c4ee9a59641a1f96feabb3b849
e0abec19095864c3f67dd9cb50c1144d,e97f778b02f5de08d54ece12f019b0c64afee6a7,cd52fbc07caf11ef5b5981c72106972c79bdb3d6b4babb385dbe1a7e5caec2a4,115056651d15151068z72dz37z95z46z3,2008-03-27T15:58:15,2019-05-31T12:54:13,2020-03-08T11:53:56,[MSJAVAVM MsJavaVM.dll kd13n4.dll],,116.00KB (118784 bytes),e52a04085b1b491acd60b0148fc96e1f,59 / 72,Worm:Win32/Autorun.FC,[pedll],https://www.virustotal.com/gui/file/cd52fbc07caf11ef5b5981c72106972c79bdb3d6b4babb385dbe1a7e5caec2a4
a45cac94e6e7dfd66b28d3b01fa8c8aa,b65746bd2537d7c6d221517e9ba452d63dbd7473,60ff250dcadd076db6bf20d9b537658fafb4920fde22e791cb1f269d69047e28,125066655d1515555078z6c3z97z37z97z14z3,2009-12-07T15:27:53,2019-03-12T15:34:52,2020-03-08T11:53:36,[MSJAVAVM MsJavaVM.dll 60ff250dcadd076db6bf20d9b537658fafb4920fde22e791cb1f269d69047e28.bin fd3829e670125d22c74ce0c989808f6bb1da32e4645d6ae3de672678d2060101_dump7_0x00750000_reconstructed],,209.00KB (213504 bytes),7c210442a422860d826d033c0189c447,52 / 72,Trojan:Win32/Skeeyah.A!rfn,[pedll],https://www.virustotal.com/gui/file/60ff250dcadd076db6bf20d9b537658fafb4920fde22e791cb1f269d69047e28
64b2e54e905373d09bc4458ea34c7bd0,8b96c626758e00632aa7fd85da8a67ea734722b1,9a80f3cf88bd192005b14dfabe299447ebf6be962e21971a6b485cf18c13f7fe,08405d6d1d1d1d0128z321elzbfz,2007-06-14T08:50:49,2019-05-10T19:36:57,2020-08-23T14:23:16,[WOWManager wowmgr.exe 9a80f3cf88bd192005b14dfabe299447ebf6be962e21971a6b485cf18c13f7fe.bin 64b2e54e905373d09bc4458ea34c7bd0.virobj v1.unpack.bin],,80.00KB (81920 bytes),24c4108bafb6a82cb6083fcf66b9f587,51 / 69,Trojan:Win32/Occamy.C,[peexe],https://www.virustotal.com/gui/file/9a80f3cf88bd192005b14dfabe299447ebf6be962e21971a6b485cf18c13f7fe
347c626ebd441790fc73c103af192893,8ee3bedc2f3a53f8799845b9f87addd9b0da858b,0bf15d6b817526ee0173aa51dfb45e07576b286ffb899cce62e1c05ab570a539,115056651d15151068z72dz37z95z46z3,2008-03-27T15:58:15,2019-05-12T12:00:35,2020-03-08T11:38:41,[MSJAVAVM MsJavaVM.dll kbdmwc.dll],,116.00KB (118784 bytes),e52a04085b1b491acd60b0148fc96e1f,59 / 72,Worm:Win32/Autorun.FC,[pedll],https://www.virustotal.com/gui/file/0bf15d6b817526ee0173aa51dfb45e07576b286ffb899cce62e1c05ab570a539
0063f785a411dd1c290a33edd7248362,d13539d6dfeb4279477b20f223c29677ca095682,e5c187392b8376352880470a5068eeeb1a00926a9f06a5100a5d8426509291c6,115056651d15151068z72dz37z95z46z3,2008-03-27T15:58:15,2019-04-16T11:53:44,2020-03-08T12:09:06,[MSJAVAVM MsJavaVM.dll sqlwis.dll],,116.00KB (118784 bytes),e52a04085b1b491acd60b0148fc96e1f,58 / 71,Worm:Win32/Autorun.FC,[pedll],https://www.virustotal.com/gui/file/e5c187392b8376352880470a5068eeeb1a00926a9f06a5100a5d8426509291c6
b759f62ae689f6004f86f92c3f77b3ad,6b66d599396ab5b0e0fb7352834a277069fdebae,fa921b247e478b6f8570b4817ec740a62ad95cf7fcf14c265a6571cfd77abf87,1830761f551515151d1bz4jz11z1ez2,2016-02-09T09:11:50,2019-04-12T12:52:09,2019-04-14T01:38:09,[fa921b247e478b6f8570b4817ec740a62ad95cf7fcf14c265a6571cfd77abf87.sample],,9.00KB (8704 bytes),682156c4380c216ff8cb766a2f2e8817,43 / 65,Backdoor:Win32/Turla.AA,[64bits assembly pedll],https://www.virustotal.com/gui/file/fa921b247e478b6f8570b4817ec740a62ad95cf7fcf14c265a6571cfd77abf87
a48227bdd058e0d507dad9d570b9d71d,ca772e62a37fb0241c31c3bd941a3dd810ffbd64,10a77ef0a93737c93c28f3c30544ec27985f6d69e7412c10e1777e18effec0a4,115066655d1515555078z6a3z97z37z97z14z3,2008-12-29T12:37:17,2019-03-12T15:09:54,2020-03-08T12:16:38,[MSJAVAVM MsJavaVM.dll 7c08e72dc458191de61d5245ecfdc9e6b7c1f1f0ad8e4a7c04ab114503f88114_dump7_0x002e0000_reconstructed],,192.00KB (196608 bytes),aeed84752452e84974482d71c498c09b,54 / 72,Trojan:Win32/Occamy.C,[armadillo pedll],https://www.virustotal.com/gui/file/10a77ef0a93737c93c28f3c30544ec27985f6d69e7412c10e1777e18effec0a4
fe82adcdca51ef8038b2c9cbf7671e7a,979b5862cc86ca8553c50e45c9a66207fad67fb0,74c49870d44cc81635cc77eabb6b4c3a13372fc5663cb1fc1977bcdc97eea788,1830661f55151d151bz4jz11z1ez2,2016-02-09T09:11:49,2019-03-28T13:23:48,2020-03-08T11:42:38,[fe82adcdca51ef8038b2c9cbf7671e7a.virus],,8.00KB (8193 bytes),682156c4380c216ff8cb766a2f2e8817,55 / 72,Backdoor:Win32/Turla.AC,[pedll overlay],https://www.virustotal.com/gui/file/74c49870d44cc81635cc77eabb6b4c3a13372fc5663cb1fc1977bcdc97eea788
97bc5d5b77ce385e9820cd4477892dd1,7cfb35eeb08438dc2a44b2b60f1fbac93cfc841f,ac53086853007952c0dcbdd869126e7bb7846ebd6e4b0307b6caaa013153ef1b,,1970-01-01T01:00:00,2019-03-27T02:19:34,2020-02-29T18:44:05,[],,67.00KB (68676 bytes),,0 / 62,,[mz],https://www.virustotal.com/gui/file/ac53086853007952c0dcbdd869126e7bb7846ebd6e4b0307b6caaa013153ef1b
8d2e0400c2c16fbdeafe4e8737542203,038090bc5bd3ccece065174cedb7f931746a9da1,387dd0809006a5c8bbf6e6143932e26c57b9ff8ca9fb1ab5fb1ab37a394e920a,115066655d1515555078z6b3z97z37z97z14z2,2007-12-11T18:36:03,2019-03-12T15:13:12,2020-03-08T12:45:00,[MSJAVAVM MsJavaVM.dll cb993d5b90d9a5bd569177ee60e71e3b4639019f46ddd2a9fb8e890565335f66_dump7_0x00250000_reconstructed],,124.00KB (126976 bytes),a30137d7fba92b28958632dbf42c23b7,58 / 71,Trojan:Win32/Remdruk.A,[pedll],https://www.virustotal.com/gui/file/387dd0809006a5c8bbf6e6143932e26c57b9ff8ca9fb1ab5fb1ab37a394e920a
cccc15cb2db720fc6ffbd319b82648fc,17360a1743c0702ba6c1b79d9fa25122bf650ed5,4dc26b3b144826569bc2601fb20dcef124abf9fe63944c029a52eda488c16829,3140365505170831045020,2017-03-15T04:55:08,2019-03-12T20:53:33,2019-10-18T18:38:48,[module.51024.54b4e7840.17cfb0a0000.dll],,10.00KB (10240 bytes),dae02f32a21e03ce65412f6e56942daa,37 / 68,Backdoor:Win32/Turla.TA!dha,[64bits assembly pedll],https://www.virustotal.com/gui/file/4dc26b3b144826569bc2601fb20dcef124abf9fe63944c029a52eda488c16829
d5de9bd2ea9045bc2dcb6fccf24f4b62,9176f5da1df4686d7d39b51fcb3fa31939c09268,01924e5aed6551ec48074f82e6abbaa7845bf47bafa286e9ef6fdf03766eab8d,115066655d1515555068z693z97z37z87z14z3,2008-03-27T15:58:15,2019-03-12T15:16:08,2020-03-08T12:16:53,[MSJAVAVM MsJavaVM.dll e092a2ec64a264779ca8211483693789f4a1f14e42c2f65df15833583f964b81_dump7_0x006e0000_reconstructed],,132.00KB (135168 bytes),2a763f3d255fbd8e346abf45d05c7e4f,56 / 72,Worm:Win32/Autorun.FC,[pedll],https://www.virustotal.com/gui/file/01924e5aed6551ec48074f82e6abbaa7845bf47bafa286e9ef6fdf03766eab8d
be58f7bc35fb5f215a39470ae43ea2ac,d1c7f8b4edba1740aceaa19a5b7f989bcfbcaa5a,86e6504f42d5e10f9a34872d223b2ae5b9edb2f4a6d1f81179a81887fe23d2e1,115056651d15151068z72dz37z95z46z3,2008-03-27T15:58:15,2019-04-18T18:20:55,2020-03-08T12:16:40,[MSJAVAVM MsJavaVM.dll kbkarmw.dll],,116.00KB (118784 bytes),e52a04085b1b491acd60b0148fc96e1f,59 / 72,Worm:Win32/Autorun.FC,[pedll],https://www.virustotal.com/gui/file/86e6504f42d5e10f9a34872d223b2ae5b9edb2f4a6d1f81179a81887fe23d2e1
5036314c2f8f594cc2d597307c814176,e73fa7f3bcdfe57e007fdd080eb5bf386642b86f,f80b1043f20ad9898a21c8643553e841c61382af57224a476e61d85af6a204ec,115056655d15155078z76dz37za5z46z3,2008-11-20T14:14:07,2019-04-09T17:07:15,2020-03-08T12:33:11,[MSJAVAVM MsJavaVM.dll out],,176.00KB (180224 bytes),d603e13a9f1ae19212d4ac335b0d0e47,56 / 72,Worm:Win32/Autorun.JE,[armadillo pedll],https://www.virustotal.com/gui/file/f80b1043f20ad9898a21c8643553e841c61382af57224a476e61d85af6a204ec
f993d53e05a3b87262219802a8e3ae38,232551fc3ab12e244610b9610b8a7649fc3b9872,95d4e20fd51ca2d470c8ce88d15a15a7daa1e270d72da360d7e56828af96eba5,115066655d1515555078z6a3z97z37z87z14z3,2008-06-09T19:23:56,2019-03-12T15:00:09,2020-03-08T11:51:38,[MSJAVAVM MsJavaVM.dll c0de0fec34da3e9ca92c47bfadf723ab75c90fe02ceb3455d74155badfcb3380_dump7_0x00700000_reconstructed],,192.00KB (196608 bytes),784456c1503204e6e834ce84ece7c25d,52 / 71,Worm:Win32/Autorun.FC,[pedll],https://www.virustotal.com/gui/file/95d4e20fd51ca2d470c8ce88d15a15a7daa1e270d72da360d7e56828af96eba5
daaa03e1c73d613dd0b221abbd6998ea,325fb5e2b8027ec2199c3966e41b6417bdd0dd22,ce99218859d6d16473a8e91c790999669009ed2ecc6d0aa07be2adb98c57028b,045096665d6d1d066e6519z66z87xz,2010-06-08T14:54:07,2010-07-19T02:23:21,2020-03-08T12:42:57,[atmarpd.sys ce99218859d6d16473a8e91c790999669009ed2ecc6d0aa07be2adb98c57028b.exe 325fb5e2b8027ec2199c3966e41b6417bdd0dd22 325fb5e2b8027ec2199c3966e41b6417bdd0dd22.exe C:\Users\Admin\Desktop\Turla_drop_drv_dlls\ce99218859d6d16473a8e91c790999669009ed2ecc6d0aa07be2adb98c57028b.exe 325fb5e2b8027ec2199c3966e41b6417bdd0dd22_atmarpd.sy test.txt ce99218859d6d16473a8e91c790999669009ed2ecc6d0aa07be2adb98c57028b c:/aa/aa C:\Szzz1ZxTDt\eBIeB\ApxDUfu_9\8ij2GwU\yWjmzJpBW\IzUyeo.jpeg C:\W3eptRfb\OcUaXqb.tgz c:\users\anthony.aykut\downloads\test\325fb5e2b8027ec2199c3966e41b6417bdd0dd22],,428.00KB (438016 bytes),d0aea38328e9e43e5d443ff847e20152,45 / 72,Backdoor:Win32/Turla!dha,[peexe native],https://www.virustotal.com/gui/file/ce99218859d6d16473a8e91c790999669009ed2ecc6d0aa07be2adb98c57028b
6889eff32b36c63a25172144516bebbd,dfcc2fb7c03f883a8aa947254ade4bd31d0aa906,b606850065e783af5b1ed52683d8e8e8e53583e3e0c9c8ee9b4288a3938724a4,115056655d15155078z78dz37za5z46z3,2010-01-14T12:29:52,2010-01-30T21:34:08,2020-03-08T13:07:00,[MSJAVAVM MsJavaVM.dll test.txt c:/aa/aa C:\86ZpT\FaakId\_Xw3GfL6\4QW7lPiLPM\wQ6nHnTx.tar.bz2 C:\k6wDwdfz\zEBRyMsH\AOF4WZ\sPkO\kxV4dE\fcg4.tiff],,188.00KB (192000 bytes),77eaa2dbe5af1fb50e353960c9dca560,57 / 72,Backdoor:Win32/Turla.E,[armadillo pedll],https://www.virustotal.com/gui/file/b606850065e783af5b1ed52683d8e8e8e53583e3e0c9c8ee9b4288a3938724a4
e028c0d5842313dc746c14342622549e,fa36784999ada82775a88f10456d984f1d7939d7,8c535da165a57936b247cb243c82557cab362722e204877714bc8e0e2afac002,115056655d15155078z78dz37za5z46z3,2009-12-07T15:25:12,2012-03-27T15:47:50,2020-03-08T11:43:23,[MSJAVAVM MsJavaVM.dll e028c0d5842313dc746c14342622549e G:\Prepare\0328\0328-2924 e028c0d5842313dc746c14342622549e.dll C:\Documents and Settings\carvalhal\Ambiente de trabalho\wswfax.dll c:/aa/aa C:\IsYjR\xFjq\86J2lSWk\VrqTO8\6vIIKG\v3cFZrKN.tmp C:\iE5iQCU\aHS49KHh\sNB8fz_7OI\bIbhfI.jpeg],,188.00KB (192000 bytes),77eaa2dbe5af1fb50e353960c9dca560,58 / 72,Trojan:Win32/Turla!dha,[armadillo pedll],https://www.virustotal.com/gui/file/8c535da165a57936b247cb243c82557cab362722e204877714bc8e0e2afac002
8940b9b7e6d0d669c7a9d3082016354e,25151784488494d206d69b50582758aae2e9a03a,aa556f2a3c5cfad4b7b944c6774281bc8d9dff2eeca497bb9d57131d15832948,115056655d15151068z72dz37z95z46z3,2008-03-27T15:58:15,2012-04-30T05:44:09,2020-07-20T12:58:18,[8940b9b7e6d0d669c7a9d3082016354e G:\Prepare\0429\01977 8940b9b7e6d0d669c7a9d3082016354e.dll c:/aa/aa C:\lfIk\MDnBdubI\I3eVoetQ\pqd0WkRG\JCgqZ.vbs C:\YjMAY\gLDFZ1pO0\jrYb8\NlZBdpH\PhQ6K4\ag4sv629x.dll],,116.00KB (118784 bytes),e52a04085b1b491acd60b0148fc96e1f,56 / 71,Worm:Win32/Autorun.FC,[armadillo pedll],https://www.virustotal.com/gui/file/aa556f2a3c5cfad4b7b944c6774281bc8d9dff2eeca497bb9d57131d15832948
710da05065780eac2203b60e692b79e7,485a5e5a727ec5fa95b494959a0ce8dec73ccc8e,081e419713ccf78e753b15a12b6341da7b283692132a7a0c5de8fe7a26cfd787,115056655d15155078z76dz37za5z46z3,2009-04-22T13:49:07,2020-02-10T01:32:47,2020-03-31T14:44:14,[MSJAVAVM MsJavaVM.dll out],,166.00KB (169472 bytes),8af4e55ef5fa2af138decdfea757c9b9,56 / 71,Worm:Win32/Autorun.JE,[pedll],https://www.virustotal.com/gui/file/081e419713ccf78e753b15a12b6341da7b283692132a7a0c5de8fe7a26cfd787
2c091aead3f99908a77597ad224295a6,81555c2b17ed65f9faff05b1a03990d281195718,45f2f34350061e70f5ca72cb34d86fff6e308fe2f1ad99ef21c3b6a2bd75a9d6,1830761f551515151d1bz7jz1iz1,2018-10-25T12:03:08,2020-01-29T18:52:03,2020-03-30T13:16:28,[.],,9.00KB (8704 bytes),b36a305df0501982b115879ae3c3bd4b,41 / 70,Trojan:Win32/Wacatac.C!ml,[64bits assembly pedll],https://www.virustotal.com/gui/file/45f2f34350061e70f5ca72cb34d86fff6e308fe2f1ad99ef21c3b6a2bd75a9d6
4181de1b2e03b20d6b7ad42efe6ec514,930bc979df352dfb0ba84c6da6aea3cbe71d58ae,eb772c1984fbf4b476119093c612d45ad986458ec34027ea573d56de8f53522f,115056651d15151068z72dz37z95z46z3,2008-03-27T15:58:15,2020-01-21T03:01:33,2020-03-08T12:02:51,[MSJAVAVM MsJavaVM.dll /home/user/Competition/orig data/2019/malware_appended/5d4d1f7a3ab9c6e79e0752ebf9d30646bce605644e18c092b25d7fa26e31d837],,145.00KB (148814 bytes),e52a04085b1b491acd60b0148fc96e1f,58 / 72,Worm:Win32/Autorun.FC,[armadillo pedll overlay],https://www.virustotal.com/gui/file/eb772c1984fbf4b476119093c612d45ad986458ec34027ea573d56de8f53522f
bc7bd81607aacb5a5198b988946cc29f,40c6154b7c213b29841d2758dbfbbb88d477ae42,bf937d90e02187a333bf504d8c299fb1901a38f94c415feb88f0688fbaa17da7,"117066651d1515156""z",2019-09-20T01:59:15,2020-01-20T09:01:55,2020-09-11T20:09:38,[209326.dll],,14748.00KB (15101892 bytes),,23 / 66,Adware:Win32/Eorezo,[exploit pedll cve-2017-11882 overlay],https://www.virustotal.com/gui/file/bf937d90e02187a333bf504d8c299fb1901a38f94c415feb88f0688fbaa17da7
ca8d5f41c074dfb2f8fbb66a352aef06,560a9c2dfea9afd527f58b4810acd2c2cd93b952,e0d648807abcfc2f264c3b921afcf403ffb22b7ebbd6832a93244fed74f8a194,04506d5d1d6d1d0d|z,2009-10-30T13:05:10,2013-08-30T09:32:54,2020-03-08T12:15:58,[Wextract WEXTRACT.EXE e0d648807abcfc2f264c3b921afcf403ffb22b7ebbd6832a93244fed74f8a194.exe 560a9c2dfea9afd527f58b4810acd2c2cd93b952 560a9c2dfea9afd527f58b4810acd2c2cd93b952_wextract.ex CA8D5F41C074DFB2F8FBB66A352AEF06.VIR turla_unpacked.bin 0482d1652c2a0e6c16ca3e2a53be0783_ca8d5f41c074dfb2f8fbb66a352aef06_unpacked.exe 9a50d70f3447aab85c4c46cf4a02bbb010ea8675 c:/aa/aa C:\ZIIb9\hHIcd\z2XOACVQ\5wPAc.caj],,473.00KB (483840 bytes),,55 / 72,Backdoor:Win32/Turla.C!dha,[peexe aspack],https://www.virustotal.com/gui/file/e0d648807abcfc2f264c3b921afcf403ffb22b7ebbd6832a93244fed74f8a194
edfd33d319af1cce7baa1b15b52940e7,d423c2191cb20a9ea81c0b95fdf1be2283ccff5a,743b3347dc86b4a4aa6510648076eeca9eec0ff23c1294b3931263c990bcb5e6,1830661f55151d151bz4jz11z1ez2,2016-02-09T09:11:49,2018-04-08T14:20:04,2020-10-14T09:38:06,[KazuarRAT.bin /media/freddie/Seagate Expansion Drive/aptmalware/SampleLibraryAUG2019/Turla/KazuarRAT.bin myfile.exe /data/cfs/malshare/edfd33d319af1cce7baa1b15b52940e7 edfd33d319af1cce7baa1b15b52940e7 d:\curiumnotebook\malwarebazaar\exehashed\743b3347dc86b4a4aa6510648076eeca9eec0ff23c1294b3931263c990bcb5e6.exe],,8.00KB (8192 bytes),682156c4380c216ff8cb766a2f2e8817,56 / 70,Backdoor:Win32/Turla.AC,[pedll],https://www.virustotal.com/gui/file/743b3347dc86b4a4aa6510648076eeca9eec0ff23c1294b3931263c990bcb5e6
a352f93e5f63bbf5cd0905c38f054d27,6d80b8c2b7272edaa9837e611102cd160eb8be94,c905f2dec79ccab115ad32578384008696ebab02276f49f12465dcd026c1a615,115056655d15155078z76dz37z95z46z3,2008-06-09T19:23:56,2018-06-14T18:16:34,2020-09-28T09:43:37,[TurlaAgent.exe MSJAVAVM MsJavaVM.dll /media/freddie/Seagate Expansion Drive/aptmalware/SampleLibraryAUG2019/Turla/TurlaAgent.exe myfile.exe /data/cfs/malshare/a352f93e5f63bbf5cd0905c38f054d27],,176.00KB (180224 bytes),9d0d6daa47d6e6f2d80eb05405944f87,58 / 69,Worm:Win32/Autorun.JE,[armadillo pedll],https://www.virustotal.com/gui/file/c905f2dec79ccab115ad32578384008696ebab02276f49f12465dcd026c1a615
0c8be90f4c6f3299a727b1db7406b87e,231c5967fa978203139af78b0f638c71fa02494a,26010b29d08075c94943a21cd73189524743be739e4fa5019ace5e12d6219d5c,1830661f55151d151bz4jz11z1ez2,2016-02-09T09:11:49,2019-01-28T17:20:40,2020-11-03T23:05:19,[/media/freddie/Seagate Expansion Drive/aptmalware/SampleLibraryAUG2019/Turla/KazuarRAT2019/TurlaKazRat.bin myfile.exe . d:\automatedmalware\sorted2rename\exe\26010B29D08075C94943A21CD73189524743BE739E4FA5019ACE5E12D6219D5C.dll],,8.00KB (8192 bytes),682156c4380c216ff8cb766a2f2e8817,55 / 71,Backdoor:Win32/Turla.AC,[pedll],https://www.virustotal.com/gui/file/26010b29d08075c94943a21cd73189524743be739e4fa5019ace5e12d6219d5c
19db0b290b19b66041eec48a51804124,e2cd65ef5ac258936f88f6c3eb56cd035acbb5f0,2ad4fbe8ca3cd82f8e37ff7dbcf07c925321defc52e80117f49613b1b8209479,1830761f551515151d1bz4jz11z1ez2,2016-02-09T09:11:50,2019-01-28T17:21:22,2019-12-25T12:13:57,[/media/freddie/Seagate Expansion Drive/aptmalware/SampleLibraryAUG2019/Turla/KazuarRAT2019/TurlaKazuarRat myfile.exe .],,9.00KB (8704 bytes),682156c4380c216ff8cb766a2f2e8817,49 / 71,Backdoor:Win32/Turla.AC,[64bits assembly pedll],https://www.virustotal.com/gui/file/2ad4fbe8ca3cd82f8e37ff7dbcf07c925321defc52e80117f49613b1b8209479
fb3b84d2d28a599281afa3c32b2946f9,1d1db4bd1af0fad7c5150db6f7a87727efde0ea2,affeb634f945e3c7d318a21e7e0b899c160d7e42e15b7cf1b6fc2379b4fcc944,"1830760f150515151d1""z",2018-08-08T10:10:08,2019-12-11T15:14:08,2020-03-02T07:24:36,[018833609],,9.00KB (8704 bytes),,28 / 71,Trojan:Win32/Zpevdo.A,[64bits assembly pedll],https://www.virustotal.com/gui/file/affeb634f945e3c7d318a21e7e0b899c160d7e42e15b7cf1b6fc2379b4fcc944
fd99b6a8a95e3126005813bafcbba70f,86f744d9c7640e6fd318d9952f37ce765e310215,41990a79c5c584dd5a2ea45dccc17f16abadce00c6f9ae9c48571b4f1707459d,115056655d15155078z76dz37z95z46z3,2008-06-09T19:23:56,2019-12-06T20:26:42,2020-03-08T12:34:20,[MSJAVAVM MsJavaVM.dll out],,176.00KB (180224 bytes),9d0d6daa47d6e6f2d80eb05405944f87,56 / 71,Worm:Win32/Autorun.JE,[armadillo pedll],https://www.virustotal.com/gui/file/41990a79c5c584dd5a2ea45dccc17f16abadce00c6f9ae9c48571b4f1707459d
e88029a87ca6e3f7b271e5d35471b240,44c97dff366acc2f3e32acf95a7aa2d33b52234c,cf0c37d865ed0aea7d7cc8678990068f7b0e2c2b5684d386f6a6460775763159,1830661f55151d151bz4jz11z1ez2,2016-02-09T09:11:49,2019-01-27T23:23:55,2020-02-24T22:03:54,[/media/freddie/Seagate Expansion Drive/aptmalware/SampleLibraryAUG2019/Turla/KazuarRAT2019/TurlaKazImplantVarient e88029a87ca6e3f7b271e5d35471b240.virobj ad1eb895a76d5bb800c85e7a38ddf66f.dll],,8.00KB (8192 bytes),682156c4380c216ff8cb766a2f2e8817,47 / 72,Backdoor:Win32/Turla.AC,[pedll],https://www.virustotal.com/gui/file/cf0c37d865ed0aea7d7cc8678990068f7b0e2c2b5684d386f6a6460775763159
988df2967a7239a4b916cc9fcedaff68,321fac7d4cabce35ce0adc67c700f47d47359021,44cc7f6c2b664f15b499c7d07c78c110861d2cc82787ddaad28a5af8efc3daac,245036651512007e7b2250151,2018-04-11T09:41:01,2019-01-27T23:32:13,2020-09-12T19:34:40,[Agent.exe /media/freddie/Seagate Expansion Drive/aptmalware/SampleLibraryAUG2019/Turla/KazuarRAT2019/Turla2019Agent.bin dbgsview.exe c:\windows\system32\drivers\c:\windows\system32\drivers\YQ6W65.exe],,431.00KB (441344 bytes),f34d5f2d4577ed6d9ceec516c1f5a744,54 / 67,Backdoor:Win32/Turla,[peexe runtime-modules assembly direct-cpu-clock-access detect-debug-environment],https://www.virustotal.com/gui/file/44cc7f6c2b664f15b499c7d07c78c110861d2cc82787ddaad28a5af8efc3daac
f3bf767fb3f1f53ef5f9527168f98e46,2c37f92db0a1c9f50f3ee60f86c0fe77fafd0aca,d36933f70b6e427ae067905b4307e44e38b83ce2d476e2869c604db6c309e5fc,"1340665f55151d151""z",2016-02-09T09:11:49,2019-11-19T20:50:56,2020-05-19T20:35:29,[many warning.exe],,35.00KB (36000 bytes),,5 / 69,,[pedll overlay],https://www.virustotal.com/gui/file/d36933f70b6e427ae067905b4307e44e38b83ce2d476e2869c604db6c309e5fc
599c6a452973c04ffd285c69ac62a260,422e6e5cc134d2fccd246bb2f837fdd09bafbdbe,0c65f91ce8cce23f30f8d038aa0f8e89328840d817d0f1028fa0ed7fa9675a2c,125056656d15551063z22z49bz19z9ez3,2017-06-28T04:52:33,2019-11-05T15:25:50,2019-12-21T04:50:59,[Microsoft.SmartScreen.DomainRep.dat.1 0c65f91ce8cce23f30f8d038aa0f8e89328840d817d0f1028fa0ed7fa9675a2c.sample],,255.00KB (260608 bytes),9aa471cdbe544da4919a4bb4de6cf6cf,39 / 71,Trojan:Win32/Wacatac.B!ml,[64bits assembly pedll],https://www.virustotal.com/gui/file/0c65f91ce8cce23f30f8d038aa0f8e89328840d817d0f1028fa0ed7fa9675a2c
e1fdde61d9db9d6875994e4a412987f7,556674f08ecca84d19a8a756e3457dbf6aff4a1c,ce01c8087368b7938175b217e9d4e2b50bbd3007d6f9b786d9b86a38a1acbc85,2140365515180b51235020,2015-08-16T11:56:47,2019-02-23T14:00:26,2020-07-06T13:49:13,[Microsoft.Exchange.MessagingPolicies.Search.exe],,14.00KB (14336 bytes),f34d5f2d4577ed6d9ceec516c1f5a744,48 / 73,Backdoor:Win32/Turla.TA!dha,[peexe assembly],https://www.virustotal.com/gui/file/ce01c8087368b7938175b217e9d4e2b50bbd3007d6f9b786d9b86a38a1acbc85
96be1e1f997a3bad8a179af72e9e45e2,44e8960210265e5bf90c5ee616f435461d58c995,bcbeec9ff16630b6a273267dd8ed0af2372abcc00e999edd48574290a91e4df9,115056655d15155078z76dz37z95z46z3,2008-06-09T19:23:56,2019-11-02T16:36:08,2020-03-08T11:48:40,[MSJAVAVM MsJavaVM.dll out],,176.00KB (180224 bytes),9d0d6daa47d6e6f2d80eb05405944f87,56 / 72,Worm:Win32/Autorun.JE,[armadillo pedll],https://www.virustotal.com/gui/file/bcbeec9ff16630b6a273267dd8ed0af2372abcc00e999edd48574290a91e4df9
01e2e224a63886a9640334ba449f8a3a,ad9ab17a6a9d1350c760bb0a96ef3ab88ae95739,5f9bb461ac19bcf37c18a8c740d2078ad68d562676ce620ecc2e3e5252802969,125066655d1515551078z6d3z97z37z87z14z3,2008-05-12T13:52:31,2019-03-12T15:25:22,2020-03-08T12:33:58,[MSJAVAVM MsJavaVM.dll myfile.exe 636106ef35adeddfb60763b0316d67d11ef6845fcc6879adc23465cb20ed97c5_dump7_0x006e0000_reconstructed],,196.00KB (200704 bytes),29e3941df485f43bafc564d48f544e91,55 / 70,Worm:Win32/Autorun.FC,[armadillo pedll],https://www.virustotal.com/gui/file/5f9bb461ac19bcf37c18a8c740d2078ad68d562676ce620ecc2e3e5252802969
7731d42b043865559258464fe1c98513,0612f67b4f239aa563fae9c96a3a3fdf69cefdb8,966610c19fb620f90de6d7f35f469662824bad66c3091e0df1de1fd903df04c9,0150577d151d5d1az11nzdfz,2013-11-25T09:55:28,2015-04-09T11:52:15,2020-04-04T10:00:32,[myfile.exe xxuo.exe VirusShare_7731d42b043865559258464fe1c98513 /home/seclab/Documents/meseum_data/virusshare_only_pe/7731d42b043865559258464fe1c98513.vir epic_turla TMPF309.tmp],,104.00KB (105984 bytes),50c8e4be44110ad7dfe8a9b709b4b87b,56 / 71,Backdoor:Win32/WipBot.B,[peexe],https://www.virustotal.com/gui/file/966610c19fb620f90de6d7f35f469662824bad66c3091e0df1de1fd903df04c9
3e93f8b7c46a32236c225926d9f063f2,7c58cac65c6770d637e5a471121e04fcc39d5ffd,011af5e05086cfda05a4d481baa194c0dc3467dad7d8565cc8e4200965a26696,"125056655d15151""z",2009-12-07T15:27:53,2019-10-08T05:50:04,2020-04-19T07:30:36,[],,204.00KB (208896 bytes),,47 / 69,Trojan:Win32/Pynamer.A!rfn,[pedll overlay],https://www.virustotal.com/gui/file/011af5e05086cfda05a4d481baa194c0dc3467dad7d8565cc8e4200965a26696
2df3d9ad6759556d11764e7423b37b94,719ead17cd162a9e6b99f6fb1fd7af5b16b1c5ef,6b594299ed503a6f3f5423e89fa229088c08ff9abc09ebaf5388f35a7c2d8a79,115056655d15151078z75dz37za5z46z2,2007-12-03T15:15:58,2019-10-05T18:19:42,2020-03-08T12:35:43,[],,120.00KB (122880 bytes),2b77039ae375b074595466d54e978f42,53 / 72,Worm:Win32/Autorun.FC,[armadillo pedll overlay],https://www.virustotal.com/gui/file/6b594299ed503a6f3f5423e89fa229088c08ff9abc09ebaf5388f35a7c2d8a79
448524fd62dec1151c75b55b86587784,f6bab0a6230b65122af95ed9951164168767257a,cf5e73c4517c8547732f01a6fd614f9ad1aa628b9fc6a82d3b2f222f7b2a0433,115056655d15155078z78dz37za5z46z3,2009-09-14T17:28:07,2014-02-20T20:33:36,2020-03-08T11:52:48,[MSJAVAVM MsJavaVM.dll vt-upload-wP3Qg c:\foo.bar],,181.00KB (185344 bytes),d459a20c774efe7abb74187fb303b5ad,55 / 70,Worm:Win32/Autorun.JE,[armadillo pedll],https://www.virustotal.com/gui/file/cf5e73c4517c8547732f01a6fd614f9ad1aa628b9fc6a82d3b2f222f7b2a0433
f4273f979565c66fe00fdcc0619793b1,3f9821e90e47f9eed4fc457ff848fc8568f087ec,f35ffc78bb2f78f91004d54546c7931c97dd1f93faf13bf4ba1f7813c27f48d7,"125056655d15051""z",2010-02-17T16:14:20,2019-10-06T12:39:31,2020-03-08T12:39:51,[],,208.00KB (212992 bytes),,50 / 71,Trojan:Win32/Pynamer.A!rfn,[pedll overlay],https://www.virustotal.com/gui/file/f35ffc78bb2f78f91004d54546c7931c97dd1f93faf13bf4ba1f7813c27f48d7
11dc55d38e4d29acf32fe40c2bbfb461,271953ab3e366a53c405379f1adccb716d9cd87c,bed58086f80da5f39436e841515504e6c49385c2900402550c20a805c3eb94c9,115056655d15151078z76dz37z95z46z3,2008-05-12T13:52:31,2019-10-06T08:00:44,2020-03-08T12:51:24,[c:\windows\system32\drivers\c:\windows\system32\drivers\B19I7D.exe],,188.00KB (192512 bytes),fab5d0143807e94583bc074dc6d270cc,51 / 71,Worm:Win32/Autorun.FC,[armadillo pedll overlay],https://www.virustotal.com/gui/file/bed58086f80da5f39436e841515504e6c49385c2900402550c20a805c3eb94c9
111ed2f02d8af54d0b982d8c9dd4932e,8aeef20f127c2dd8700fec9be9e2a77fd380e265,0b97c87126578113050d8e014e8fefeb33146eebc40e75c070882ec31ae26aab,0150577d155d1d1bzbnz9fz,2013-10-15T12:43:09,2013-11-08T07:34:57,2020-03-08T11:54:31,[btwcb.exe 0b97c87126578113050d8e014e8fefeb33146eebc40e75c070882ec31ae26aab vti-rescan Trojan.Win32.Agent.ibgm 111ed2f02d8af54d0b982d8c9dd4932e.exe 3A.tmp 1.tmp 111ed2f02d8af54d0b982d8c9dd4932e.vir],,172.00KB (176245 bytes),445f7c4297dc78a1d5957124e004b915,62 / 73,Backdoor:Win32/Turla!dha,[peexe overlay],https://www.virustotal.com/gui/file/0b97c87126578113050d8e014e8fefeb33146eebc40e75c070882ec31ae26aab
55319464e46e2c31d22b39b46d5477fb,a4d1a34fe5effd90ccb6897679586ddc07fbc5cd,14f530e16e8c6dbac02f1bde53594f01b7edab9c45c4c371a3093120276ffaf1,2140365505180b51235020,2014-06-20T16:04:09,2019-01-22T21:01:03,2020-11-12T17:14:10,[module.4296.63cb687d0.7d40000.dll],,14.00KB (14336 bytes),f34d5f2d4577ed6d9ceec516c1f5a744,55 / 71,Backdoor:Win32/Turla.TA,[peexe assembly direct-cpu-clock-access detect-debug-environment runtime-modules],https://www.virustotal.com/gui/file/14f530e16e8c6dbac02f1bde53594f01b7edab9c45c4c371a3093120276ffaf1
a2a5c24530c2aa8efaadcf78f8dc54bd,155e453ff6ce1b72949846a6080531d5fb29eb29,16a4e61e56f35f28237be1852903a070c9defd0291f06710d6060ad6c3d2bc01,115056655d15155078z76dz37z95z46z3,2008-06-09T19:23:56,2019-08-31T00:49:28,2020-03-08T11:45:22,[MSJAVAVM MsJavaVM.dll out c:\windows\system32\drivers\c:\windows\system32\drivers\MLGH2Z.exe],,176.00KB (180224 bytes),9d0d6daa47d6e6f2d80eb05405944f87,55 / 72,Worm:Win32/Autorun.JE,[armadillo pedll],https://www.virustotal.com/gui/file/16a4e61e56f35f28237be1852903a070c9defd0291f06710d6060ad6c3d2bc01
2b14f9f3c758a2cf842a61aca6a3455d,f9d52bb5a30b42fc2d1763be586cee8a57424732,25facbc4265ca90f0508e77e97e1e6fcc7e46f6cca316b251b06d41232f6360c,2140365515180b51235020,2014-06-20T16:04:09,2019-01-14T17:25:05,2020-11-12T17:17:35,[Microsoft.Exchange.MessagingPolicies.Search.exe 2b14f9f3c758a2cf842a61aca6a3455d.bin F:\Program Files\Microsoft\Exchange Server\V14\Bin\Microsoft.Exchange.MessagingPolicies.Search.dll H:\Program Files\Microsoft\Exchange Server\V14\Bin\Microsoft.Exchange.MessagingPolicies.Search.dll C:/Samples/2B14F9F3C758A2CF842A61ACA6A3455D],,14.00KB (14336 bytes),f34d5f2d4577ed6d9ceec516c1f5a744,54 / 72,Backdoor:Win32/Turla.TA,[peexe assembly direct-cpu-clock-access detect-debug-environment runtime-modules],https://www.virustotal.com/gui/file/25facbc4265ca90f0508e77e97e1e6fcc7e46f6cca316b251b06d41232f6360c
8851f2fd31964f867eb07c398d57112a,5abb3980bceab81acf713be015de8a9709edb8ee,f2f1d0d64e5160db536f97b9b09e6ef06ba805fd378550b449d14c79fb519d77,3140365515190b41235020,2017-02-04T06:25:15,2019-06-21T21:08:50,2020-03-23T11:53:41,[Microsoft.Exchange.Security.Interop.dll],,14.00KB (13824 bytes),dae02f32a21e03ce65412f6e56942daa,44 / 70,Backdoor:Win32/Turla.TA!dha,[assembly pedll],https://www.virustotal.com/gui/file/f2f1d0d64e5160db536f97b9b09e6ef06ba805fd378550b449d14c79fb519d77
9443437c07299dd30089437430900b25,893211aeb4b27498eba688abc76929ede3aed427,e137e01373a7fb422e786bec5180a035f35bc9695c19aa1d26a37d9b8d9c4e42,125066655d1515555078z6c3z97z37z97z14z3,2009-09-29T12:28:40,2019-03-12T14:41:15,2020-08-23T14:21:51,[MSJAVAVM MsJavaVM.dll e137e01373a7fb422e786bec5180a035f35bc9695c19aa1d26a37d9b8d9c4e42.bin 5a7f334d6580e95a692943a5c9d73e8ae2342927604ddc5839849c4f77804e39_dump7_0x002c0000_reconstructed],,209.00KB (213504 bytes),521616c07139fce5a7f09552f195a518,51 / 69,Trojan:Win32/Tiggre!rfn,[armadillo pedll],https://www.virustotal.com/gui/file/e137e01373a7fb422e786bec5180a035f35bc9695c19aa1d26a37d9b8d9c4e42
83dbdf9cfcf65a97e5addc7e824a6842,57f12c651a41ac70d1521406ced6e66621927f23,c94ae588cf0f1b4caa338dc307414f72e0e14bb77af55cf1a5bb2e0dc2d6d22b,125066655d1515555078z6c3z97z37z97z14z3,2010-02-17T16:14:20,2019-03-12T14:50:47,2020-08-23T14:34:03,[MSJAVAVM MsJavaVM.dll c94ae588cf0f1b4caa338dc307414f72e0e14bb77af55cf1a5bb2e0dc2d6d22b.bin 80ed95992ad658a48480a895b1d07bd786bbdabc04e91c060896e3a06647c191_dump7_0x006e0000_reconstructed],,213.00KB (217600 bytes),7c210442a422860d826d033c0189c447,54 / 67,Trojan:Win32/Occamy.CC9,[pedll],https://www.virustotal.com/gui/file/c94ae588cf0f1b4caa338dc307414f72e0e14bb77af55cf1a5bb2e0dc2d6d22b
1e295a6c8ca911746165812c61527730,e36a0d93d4d67e034bbca353c251d134f656038f,d458e8927e11d401448b4ddc18242e4c2e349f070504ac39cf366da841832650,125066655d1515555078z6c3z97z37z97z14z3,2009-09-14T17:28:07,2019-03-12T14:40:33,2020-03-08T12:29:08,[MSJAVAVM MsJavaVM.dll d458e8927e11d401448b4ddc18242e4c2e349f070504ac39cf366da841832650.bin cf5e73c4517c8547732f01a6fd614f9ad1aa628b9fc6a82d3b2f222f7b2a0433_dump7_0x00250000_reconstructed],,209.00KB (213504 bytes),84f56657d2da7b88e5464d21a43aaf1d,51 / 71,Trojan:Win32/Tiggre!rfn,[pedll],https://www.virustotal.com/gui/file/d458e8927e11d401448b4ddc18242e4c2e349f070504ac39cf366da841832650
41705c15ca2e5b707ec2fcd25e69a025,8fdce7a5b7dbe06f3d7c58592a2d5e8530969eba,6dd664839c9a37d03850c01750a4aa2958e0edf03a65d4967856c460d6f4458e,"04301e5""z",2018-05-02T12:20:11,2019-05-21T20:17:37,2020-03-09T07:43:25,[shellcode.bin],,4.00KB (4096 bytes),,25 / 72,Trojan:Win32/Wacatac.C!ml,[peexe],https://www.virustotal.com/gui/file/6dd664839c9a37d03850c01750a4aa2958e0edf03a65d4967856c460d6f4458e
103dc636c7d970f2f88d4cacff06db20,6eea3c1337f1f48d5eed807adc84f9ab6a892002,ac71ac9738761921827e0a732db1bc59e43d435c2c69edb4e4c0e55eff964c9a,115056651d15151068z72dz37z95z46z3,2008-03-27T15:58:15,2019-04-22T01:02:39,2019-05-13T02:10:10,[MSJAVAVM MsJavaVM.dll 103dc636c7d970f2f88d4cacff06db20.virobj gsprpnl.dll],,116.00KB (118784 bytes),e52a04085b1b491acd60b0148fc96e1f,58 / 72,Worm:Win32/Autorun.FC,[pedll],https://www.virustotal.com/gui/file/ac71ac9738761921827e0a732db1bc59e43d435c2c69edb4e4c0e55eff964c9a
5bd6544e0884613743607b7084610186,0778249ffb861bc9f10dc5a5d0a07e532acf1be1,510e6839e6f6e284850c1c759d525f0c7179915eddb6f34cfa3bb9c68c560092,115056651d15151078z61dz37z95z46z2,2007-07-24T14:57:37,2019-04-22T20:09:27,2019-04-24T14:08:25,[MSJAVAVM MsJavaVM.dll],,100.00KB (102400 bytes),df367df97e05b505f08684c72addde05,44 / 65,Trojan:Win32/Remdruk.A,[pedll],https://www.virustotal.com/gui/file/510e6839e6f6e284850c1c759d525f0c7179915eddb6f34cfa3bb9c68c560092
6f29e6cae443412ff6086322eeffb56f,f4ba9fc03e3430408b2167c2e48a4861f9971510,6a88acc97ddb412fe174ac65decb35d14fb09a579568076af04f03112407421c,115056655d15155078z76dz37z95z46z3,2008-06-09T19:23:56,2019-04-19T17:36:09,2020-03-08T13:08:26,[MSJAVAVM MsJavaVM.dll vfrgsnap.dll c:\windows\system32\drivers\c:\windows\system32\drivers\ZNDRMB.exe],,176.00KB (180224 bytes),9d0d6daa47d6e6f2d80eb05405944f87,56 / 71,Worm:Win32/Autorun.JE,[pedll],https://www.virustotal.com/gui/file/6a88acc97ddb412fe174ac65decb35d14fb09a579568076af04f03112407421c
